{
  "type": "FeatureCollection",
  "features": [
    {
      "type": "Feature",
      "id": "osm-rail-101",
      "geometry": {
        "type": "LineString",
        "coordinates": [
          [
            77.2195,
            28.6143
          ],
          [
            77.18783,
            28.71279
          ],
          [
            77.15462,
            28.80964
          ],
          [
            77.12034,
            28.91258
          ],
          [
            77.08175,
            28.99615
          ],
          [
            77.06101,
            29.08987
          ],
          [
            77.02487,
            29.19608
          ],
          [
            76.99473,
            29.2938
          ],
          [
            76.96,
            29.39
          ],
          [
            76.95,
            29.4625
          ],
          [
            76.93859,
            29.53359
          ],
          [
            76.93185,
            29.6038
          ],
          [
            76.928,
            29.684
          ],
          [
            76.91554,
            29.75065
          ],
          [
            76.90424,
            29.82924
          ],
          [
            76.89306,
            29.89827
          ],
          [
            76.88,
            29.97
          ],
          [
            76.86827,
            30.01742
          ],
          [
            76.85076,
            30.06826
          ],
          [
            76.83696,
            30.11451
          ],
          [
            76.83,
            30.183
          ],
          [
            76.81011,
            30.22625
          ],
          [
            76.80217,
            30.28033
          ],
          [
            76.79403,
            30.32569
          ],
          [
            76.78,
            30.38
          ]
        ]
      },
      "properties": {
        "osm_id": "101",
        "name": "Delhi - Panipat - Kurukshetra - Ambala Line",
        "ref": "NR-MAIN-01",
        "operator": "Northern Railway",
        "railway": "rail",
        "gauge": "1676 mm",
        "electrified": "contact_line",
        "tracks": "2",
        "usage": "main",
        "service": "passenger",
        "maxspeed": "120 km/h",
        "is_major": true
      }
    },
    {
      "type": "Feature",
      "id": "osm-rail-102",
      "geometry": {
        "type": "LineString",
        "coordinates": [
          [
            76.78,
            30.38
          ],
          [
            76.72923,
            30.40819
          ],
          [
            76.68,
            30.44674
          ],
          [
            76.62446,
            30.46636
          ],
          [
            76.582,
            30.507
          ],
          [
            76.52261,
            30.5344
          ],
          [
            76.47576,
            30.56609
          ],
          [
            76.42923,
            30.59645
          ],
          [
            76.38,
            30.63
          ],
          [
            76.31145,
            30.66528
          ],
          [
            76.2475,
            30.69184
          ],
          [
            76.17571,
            30.7294
          ],
          [
            76.109,
            30.759
          ],
          [
            76.0469,
            30.79875
          ],
          [
            75.98391,
            30.83533
          ],
          [
            75.91472,
            30.86625
          ],
          [
            75.85,
            30.9
          ]
        ]
      },
      "properties": {
        "osm_id": "102",
        "name": "Ambala - Sirhind - Ludhiana Junction Line",
        "ref": "NR-MAIN-02",
        "operator": "Northern Railway",
        "railway": "rail",
        "gauge": "1676 mm",
        "electrified": "contact_line",
        "tracks": "2",
        "usage": "main",
        "service": "passenger",
        "maxspeed": "120 km/h",
        "is_major": true
      }
    },
    {
      "type": "Feature",
      "id": "osm-rail-103",
      "geometry": {
        "type": "LineString",
        "coordinates": [
          [
            75.85,
            30.9
          ],
          [
            75.83847,
            30.93847
          ],
          [
            75.82434,
            30.97434
          ],
          [
            75.81446,
            31.0163
          ],
          [
            75.802,
            31.058
          ],
          [
            75.80739,
            31.09261
          ],
          [
            75.78293,
            31.14283
          ],
          [
            75.78,
            31.18153
          ],
          [
            75.77,
            31.22
          ],
          [
            75.74855,
            31.22867
          ],
          [
            75.71543,
            31.245
          ],
          [
            75.70245,
            31.25011
          ],
          [
            75.669,
            31.26
          ],
          [
            75.64386,
            31.28435
          ],
          [
            75.62043,
            31.29217
          ],
          [
            75.59992,
            31.3052
          ],
          [
            75.58,
            31.32
          ]
        ]
      },
      "properties": {
        "osm_id": "103",
        "name": "Ludhiana - Phagwara - Jalandhar City Line",
        "ref": "NR-MAIN-03",
        "operator": "Northern Railway",
        "railway": "rail",
        "gauge": "1676 mm",
        "electrified": "contact_line",
        "tracks": "2",
        "usage": "main",
        "service": "passenger",
        "maxspeed": "120 km/h",
        "is_major": true
      }
    },
    {
      "type": "Feature",
      "id": "osm-rail-104",
      "geometry": {
        "type": "LineString",
        "coordinates": [
          [
            75.58,
            31.32
          ],
          [
            75.52722,
            31.34375
          ],
          [
            75.47043,
            31.36043
          ],
          [
            75.42071,
            31.3894
          ],
          [
            75.369,
            31.421
          ],
          [
            75.31821,
            31.4369
          ],
          [
            75.27109,
            31.46674
          ],
          [
            75.22048,
            31.48242
          ],
          [
            75.17,
            31.51
          ],
          [
            75.13173,
            31.52347
          ],
          [
            75.09641,
            31.54424
          ],
          [
            75.05011,
            31.555
          ],
          [
            75.018,
            31.57
          ],
          [
            74.9862,
            31.58315
          ],
          [
            74.94076,
            31.59859
          ],
          [
            74.91056,
            31.61194
          ],
          [
            74.87,
            31.63
          ]
        ]
      },
      "properties": {
        "osm_id": "104",
        "name": "Jalandhar - Beas - Amritsar Main Line",
        "ref": "NR-MAIN-04",
        "operator": "Northern Railway",
        "railway": "rail",
        "gauge": "1676 mm",
        "electrified": "contact_line",
        "tracks": "2",
        "usage": "main",
        "service": "passenger",
        "maxspeed": "120 km/h",
        "is_major": true
      }
    },
    {
      "type": "Feature",
      "id": "osm-rail-105",
      "geometry": {
        "type": "LineString",
        "coordinates": [
          [
            74.87,
            31.63
          ],
          [
            74.83778,
            31.62242
          ],
          [
            74.80391,
            31.62109
          ],
          [
            74.7706,
            31.62429
          ],
          [
            74.739,
            31.609
          ],
          [
            74.70864,
            31.60201
          ],
          [
            74.66326,
            31.61033
          ],
          [
            74.63222,
            31.60528
          ],
          [
            74.6,
            31.6
          ]
        ]
      },
      "properties": {
        "osm_id": "105",
        "name": "Amritsar - Attari Indo-Pak Border Line",
        "ref": "NR-ATT-05",
        "operator": "Northern Railway",
        "railway": "rail",
        "gauge": "1676 mm",
        "electrified": "contact_line",
        "tracks": "1",
        "usage": "branch",
        "service": "passenger",
        "maxspeed": "120 km/h",
        "is_major": true
      }
    },
    {
      "type": "Feature",
      "id": "osm-rail-106",
      "geometry": {
        "type": "LineString",
        "coordinates": [
          [
            75.58,
            31.32
          ],
          [
            75.58597,
            31.39625
          ],
          [
            75.58793,
            31.46543
          ],
          [
            75.59696,
            31.5469
          ],
          [
            75.604,
            31.631
          ],
          [
            75.61196,
            31.6994
          ],
          [
            75.62359,
            31.78174
          ],
          [
            75.63173,
            31.84992
          ],
          [
            75.64,
            31.93
          ],
          [
            75.6423,
            31.97403
          ],
          [
            75.64283,
            32.015
          ],
          [
            75.63261,
            32.05565
          ],
          [
            75.644,
            32.104
          ],
          [
            75.64739,
            32.1462
          ],
          [
            75.64141,
            32.185
          ],
          [
            75.63694,
            32.22827
          ],
          [
            75.64,
            32.27
          ]
        ]
      },
      "properties": {
        "osm_id": "106",
        "name": "Jalandhar - Mukerian - Pathankot Line",
        "ref": "NR-PTK-06",
        "operator": "Northern Railway",
        "railway": "rail",
        "gauge": "1676 mm",
        "electrified": "contact_line",
        "tracks": "2",
        "usage": "main",
        "service": "passenger",
        "maxspeed": "120 km/h",
        "is_major": true
      }
    },
    {
      "type": "Feature",
      "id": "osm-rail-107",
      "geometry": {
        "type": "LineString",
        "coordinates": [
          [
            75.64,
            32.27
          ],
          [
            75.62605,
            32.28327
          ],
          [
            75.61033,
            32.29924
          ],
          [
            75.58386,
            32.3112
          ],
          [
            75.579,
            32.328
          ],
          [
            75.56614,
            32.33804
          ],
          [
            75.54391,
            32.34359
          ],
          [
            75.52319,
            32.36056
          ],
          [
            75.51,
            32.37
          ],
          [
            75.43153,
            32.41611
          ],
          [
            75.35283,
            32.46339
          ],
          [
            75.27,
            32.51112
          ],
          [
            75.198,
            32.5383
          ],
          [
            75.11,
            32.59287
          ],
          [
            75.02717,
            32.63038
          ],
          [
            74.9523,
            32.67973
          ],
          [
            74.87,
            32.7266
          ]
        ]
      },
      "properties": {
        "osm_id": "107",
        "name": "Pathankot - Kathua - Jammu Tawi Line",
        "ref": "NR-JAT-07",
        "operator": "Northern Railway",
        "railway": "rail",
        "gauge": "1676 mm",
        "electrified": "contact_line",
        "tracks": "2",
        "usage": "main",
        "service": "passenger",
        "maxspeed": "120 km/h",
        "is_major": true
      }
    },
    {
      "type": "Feature",
      "id": "osm-rail-108",
      "geometry": {
        "type": "LineString",
        "coordinates": [
          [
            74.87,
            32.7266
          ],
          [
            74.88778,
            32.75154
          ],
          [
            74.90391,
            32.76929
          ],
          [
            74.9206,
            32.79912
          ],
          [
            74.939,
            32.8153
          ],
          [
            74.95864,
            32.85487
          ],
          [
            74.96326,
            32.86882
          ],
          [
            74.98222,
            32.892
          ],
          [
            75.0,
            32.92
          ],
          [
            74.99528,
            32.92952
          ],
          [
            74.98043,
            32.9375
          ],
          [
            74.98495,
            32.95179
          ],
          [
            74.971,
            32.961
          ],
          [
            74.96505,
            32.9656
          ],
          [
            74.95684,
            32.97816
          ],
          [
            74.95548,
            32.98355
          ],
          [
            74.95,
            32.99
          ]
        ]
      },
      "properties": {
        "osm_id": "108",
        "name": "Jammu Tawi - Udhampur - Shri Mata Vaishno Devi Katra Line",
        "ref": "NR-SVDK-08",
        "operator": "Northern Railway",
        "railway": "rail",
        "gauge": "1676 mm",
        "electrified": "contact_line",
        "tracks": "1",
        "usage": "main",
        "service": "passenger",
        "maxspeed": "120 km/h",
        "is_major": true
      }
    },
    {
      "type": "Feature",
      "id": "osm-rail-109",
      "geometry": {
        "type": "LineString",
        "coordinates": [
          [
            75.2,
            33.51
          ],
          [
            75.19577,
            33.52077
          ],
          [
            75.18293,
            33.53283
          ],
          [
            75.17761,
            33.5437
          ],
          [
            75.186,
            33.544
          ],
          [
            75.16946,
            33.5637
          ],
          [
            75.16717,
            33.57283
          ],
          [
            75.1627,
            33.58153
          ],
          [
            75.16,
            33.59
          ],
          [
            75.1127,
            33.64819
          ],
          [
            75.06576,
            33.71674
          ],
          [
            75.03239,
            33.7719
          ],
          [
            74.988,
            33.827
          ],
          [
            74.9387,
            33.88886
          ],
          [
            74.88293,
            33.96174
          ],
          [
            74.84806,
            34.02105
          ],
          [
            74.8,
            34.08
          ],
          [
            74.74222,
            34.09117
          ],
          [
            74.68609,
            34.10859
          ],
          [
            74.63864,
            34.1287
          ],
          [
            74.579,
            34.138
          ],
          [
            74.50951,
            34.1513
          ],
          [
            74.4625,
            34.16717
          ],
          [
            74.40319,
            34.1827
          ],
          [
            74.35,
            34.2
          ]
        ]
      },
      "properties": {
        "osm_id": "109",
        "name": "Kashmiri Valley Rail Link (Banihal - Qazigund - Srinagar - Baramulla)",
        "ref": "NR-KSH-09",
        "operator": "Northern Railway",
        "railway": "rail",
        "gauge": "1676 mm",
        "electrified": "contact_line",
        "tracks": "1",
        "usage": "main",
        "service": "passenger",
        "maxspeed": "120 km/h",
        "is_major": true
      }
    },
    {
      "type": "Feature",
      "id": "osm-rail-110",
      "geometry": {
        "type": "LineString",
        "coordinates": [
          [
            75.64,
            32.27
          ],
          [
            75.7198,
            32.24952
          ],
          [
            75.79783,
            32.23174
          ],
          [
            75.86511,
            32.20995
          ],
          [
            75.954,
            32.193
          ],
          [
            76.03489,
            32.16929
          ],
          [
            76.10641,
            32.14109
          ],
          [
            76.17944,
            32.12431
          ],
          [
            76.26,
            32.1
          ],
          [
            76.32194,
            32.08806
          ],
          [
            76.38859,
            32.07
          ],
          [
            76.46239,
            32.06239
          ],
          [
            76.512,
            32.034
          ],
          [
            76.57946,
            32.02685
          ],
          [
            76.65566,
            32.01283
          ],
          [
            76.71423,
            31.99347
          ],
          [
            76.78,
            31.98
          ]
        ]
      },
      "properties": {
        "osm_id": "110",
        "name": "Pathankot - Kangra - Joginder Nagar Narrow Gauge Hill Line",
        "ref": "NR-NG-10",
        "operator": "Northern Railway",
        "railway": "rail",
        "gauge": "762 mm",
        "electrified": "no",
        "tracks": "1",
        "usage": "branch",
        "service": "passenger",
        "maxspeed": "120 km/h",
        "is_major": true
      }
    },
    {
      "type": "Feature",
      "id": "osm-rail-111",
      "geometry": {
        "type": "LineString",
        "coordinates": [
          [
            76.93,
            30.83
          ],
          [
            76.95847,
            30.86069
          ],
          [
            76.99,
            30.8975
          ],
          [
            77.02,
            30.92201
          ],
          [
            77.046,
            30.955
          ],
          [
            77.07076,
            31.00614
          ],
          [
            77.11424,
            31.02684
          ],
          [
            77.13847,
            31.06931
          ],
          [
            77.17,
            31.1
          ]
        ]
      },
      "properties": {
        "osm_id": "111",
        "name": "Kalka - Shimla UNESCO World Heritage Hill Line",
        "ref": "NR-SML-11",
        "operator": "Northern Railway",
        "railway": "rail",
        "gauge": "762 mm",
        "electrified": "no",
        "tracks": "1",
        "usage": "branch",
        "service": "passenger",
        "maxspeed": "120 km/h",
        "is_major": true
      }
    },
    {
      "type": "Feature",
      "id": "osm-rail-112",
      "geometry": {
        "type": "LineString",
        "coordinates": [
          [
            76.78,
            30.38
          ],
          [
            76.77923,
            30.42069
          ],
          [
            76.78,
            30.47174
          ],
          [
            76.77446,
            30.50386
          ],
          [
            76.782,
            30.557
          ],
          [
            76.77261,
            30.5969
          ],
          [
            76.77576,
            30.64109
          ],
          [
            76.77923,
            30.68395
          ],
          [
            76.78,
            30.73
          ],
          [
            76.79798,
            30.7425
          ],
          [
            76.8175,
            30.755
          ],
          [
            76.83071,
            30.75826
          ],
          [
            76.857,
            30.78
          ],
          [
            76.86636,
            30.79804
          ],
          [
            76.88826,
            30.805
          ],
          [
            76.91048,
            30.81444
          ],
          [
            76.93,
            30.83
          ]
        ]
      },
      "properties": {
        "osm_id": "112",
        "name": "Ambala - Kalka Line",
        "ref": "NR-KLK-12",
        "operator": "Northern Railway",
        "railway": "rail",
        "gauge": "1676 mm",
        "electrified": "contact_line",
        "tracks": "2",
        "usage": "main",
        "service": "passenger",
        "maxspeed": "120 km/h",
        "is_major": true
      }
    },
    {
      "type": "Feature",
      "id": "osm-rail-113",
      "geometry": {
        "type": "LineString",
        "coordinates": [
          [
            77.2195,
            28.6143
          ],
          [
            77.14283,
            28.65029
          ],
          [
            77.06462,
            28.68464
          ],
          [
            76.98534,
            28.72508
          ],
          [
            76.90175,
            28.74615
          ],
          [
            76.83601,
            28.77737
          ],
          [
            76.75487,
            28.82108
          ],
          [
            76.67973,
            28.8563
          ],
          [
            76.6,
            28.89
          ],
          [
            76.55944,
            28.94375
          ],
          [
            76.52359,
            28.99184
          ],
          [
            76.49304,
            29.05495
          ],
          [
            76.446,
            29.113
          ],
          [
            76.40326,
            29.16245
          ],
          [
            76.37641,
            29.2125
          ],
          [
            76.3375,
            29.26548
          ],
          [
            76.3,
            29.32
          ],
          [
            76.24048,
            29.38056
          ],
          [
            76.18674,
            29.43217
          ],
          [
            76.1256,
            29.48696
          ],
          [
            76.063,
            29.54
          ],
          [
            76.00995,
            29.6112
          ],
          [
            75.94467,
            29.65793
          ],
          [
            75.88492,
            29.71867
          ],
          [
            75.83,
            29.78
          ],
          [
            75.71847,
            29.83452
          ],
          [
            75.60859,
            29.88326
          ],
          [
            75.50739,
            29.93386
          ],
          [
            75.382,
            29.987
          ],
          [
            75.27446,
            30.05245
          ],
          [
            75.16576,
            30.09967
          ],
          [
            75.06153,
            30.15548
          ],
          [
            74.95,
            30.21
          ]
        ]
      },
      "properties": {
        "osm_id": "113",
        "name": "Delhi - Rohtak - Jind - Jakhal - Bhatinda Line",
        "ref": "NR-BTI-13",
        "operator": "Northern Railway",
        "railway": "rail",
        "gauge": "1676 mm",
        "electrified": "contact_line",
        "tracks": "2",
        "usage": "main",
        "service": "passenger",
        "maxspeed": "120 km/h",
        "is_major": true
      }
    },
    {
      "type": "Feature",
      "id": "osm-rail-114",
      "geometry": {
        "type": "LineString",
        "coordinates": [
          [
            74.95,
            30.21
          ],
          [
            74.93452,
            30.25319
          ],
          [
            74.92033,
            30.3025
          ],
          [
            74.89386,
            30.35429
          ],
          [
            74.877,
            30.403
          ],
          [
            74.8669,
            30.44679
          ],
          [
            74.84967,
            30.48609
          ],
          [
            74.83625,
            30.53528
          ],
          [
            74.82,
            30.58
          ],
          [
            74.79403,
            30.61867
          ],
          [
            74.76924,
            30.66924
          ],
          [
            74.72826,
            30.71304
          ],
          [
            74.7,
            30.748
          ],
          [
            74.68989,
            30.78696
          ],
          [
            74.65641,
            30.83076
          ],
          [
            74.62367,
            30.87444
          ],
          [
            74.6,
            30.92
          ]
        ]
      },
      "properties": {
        "osm_id": "114",
        "name": "Bhatinda - Kotkapura - Firozpur Line",
        "ref": "NR-FZR-14",
        "operator": "Northern Railway",
        "railway": "rail",
        "gauge": "1676 mm",
        "electrified": "contact_line",
        "tracks": "1",
        "usage": "main",
        "service": "passenger",
        "maxspeed": "120 km/h",
        "is_major": true
      }
    },
    {
      "type": "Feature",
      "id": "osm-rail-115",
      "geometry": {
        "type": "LineString",
        "coordinates": [
          [
            77.2195,
            28.6143
          ],
          [
            77.24658,
            28.62279
          ],
          [
            77.27213,
            28.62964
          ],
          [
            77.29659,
            28.64258
          ],
          [
            77.31675,
            28.63615
          ],
          [
            77.35476,
            28.63987
          ],
          [
            77.37738,
            28.65608
          ],
          [
            77.40598,
            28.6638
          ],
          [
            77.43,
            28.67
          ],
          [
            77.47145,
            28.6775
          ],
          [
            77.52316,
            28.68783
          ],
          [
            77.5631,
            28.68696
          ],
          [
            77.611,
            28.704
          ],
          [
            77.64505,
            28.7112
          ],
          [
            77.69109,
            28.71641
          ],
          [
            77.73702,
            28.72556
          ],
          [
            77.78,
            28.73
          ],
          [
            77.90577,
            28.7448
          ],
          [
            78.02293,
            28.75641
          ],
          [
            78.1587,
            28.76565
          ],
          [
            78.278,
            28.772
          ],
          [
            78.41054,
            28.79804
          ],
          [
            78.53566,
            28.80076
          ],
          [
            78.655,
            28.81444
          ],
          [
            78.78,
            28.83
          ]
        ]
      },
      "properties": {
        "osm_id": "115",
        "name": "Delhi - Ghaziabad - Hapur - Moradabad Line",
        "ref": "NR-MB-15",
        "operator": "Northern Railway",
        "railway": "rail",
        "gauge": "1676 mm",
        "electrified": "contact_line",
        "tracks": "2",
        "usage": "main",
        "service": "passenger",
        "maxspeed": "120 km/h",
        "is_major": true
      }
    },
    {
      "type": "Feature",
      "id": "osm-rail-116",
      "geometry": {
        "type": "LineString",
        "coordinates": [
          [
            77.43,
            28.67
          ],
          [
            77.46145,
            28.70875
          ],
          [
            77.50316,
            28.75033
          ],
          [
            77.5331,
            28.78071
          ],
          [
            77.571,
            28.829
          ],
          [
            77.59505,
            28.86745
          ],
          [
            77.63109,
            28.90391
          ],
          [
            77.66702,
            28.94431
          ],
          [
            77.7,
            28.98
          ],
          [
            77.69694,
            29.04431
          ],
          [
            77.69293,
            29.10391
          ],
          [
            77.70554,
            29.15821
          ],
          [
            77.698,
            29.231
          ],
          [
            77.7,
            29.29179
          ],
          [
            77.70141,
            29.34184
          ],
          [
            77.69923,
            29.40875
          ],
          [
            77.7,
            29.47
          ],
          [
            77.67819,
            29.53202
          ],
          [
            77.65543,
            29.58543
          ],
          [
            77.64929,
            29.64821
          ],
          [
            77.623,
            29.721
          ],
          [
            77.60625,
            29.78179
          ],
          [
            77.58891,
            29.83043
          ],
          [
            77.56798,
            29.89798
          ],
          [
            77.55,
            29.96
          ]
        ]
      },
      "properties": {
        "osm_id": "116",
        "name": "Ghaziabad - Meerut - Muzaffarnagar - Saharanpur Line",
        "ref": "NR-SRE-16",
        "operator": "Northern Railway",
        "railway": "rail",
        "gauge": "1676 mm",
        "electrified": "contact_line",
        "tracks": "2",
        "usage": "main",
        "service": "passenger",
        "maxspeed": "120 km/h",
        "is_major": true
      }
    },
    {
      "type": "Feature",
      "id": "osm-rail-117",
      "geometry": {
        "type": "LineString",
        "coordinates": [
          [
            77.55,
            29.96
          ],
          [
            77.59355,
            29.94798
          ],
          [
            77.62543,
            29.93891
          ],
          [
            77.66451,
            29.92255
          ],
          [
            77.705,
            29.921
          ],
          [
            77.75995,
            29.90005
          ],
          [
            77.79467,
            29.89391
          ],
          [
            77.84028,
            29.88125
          ],
          [
            77.88,
            29.87
          ],
          [
            77.91117,
            29.88028
          ],
          [
            77.95,
            29.89316
          ],
          [
            77.99239,
            29.89995
          ],
          [
            78.012,
            29.911
          ],
          [
            78.06239,
            29.91929
          ],
          [
            78.09566,
            29.91543
          ],
          [
            78.1273,
            29.93431
          ],
          [
            78.16,
            29.94
          ],
          [
            78.14145,
            29.98931
          ],
          [
            78.12184,
            30.02543
          ],
          [
            78.10201,
            30.07136
          ],
          [
            78.089,
            30.121
          ],
          [
            78.07321,
            30.1731
          ],
          [
            78.05967,
            30.22174
          ],
          [
            78.04702,
            30.26145
          ],
          [
            78.03,
            30.31
          ]
        ]
      },
      "properties": {
        "osm_id": "117",
        "name": "Saharanpur - Roorkee - Haridwar - Dehradun Line",
        "ref": "NR-DDN-17",
        "operator": "Northern Railway",
        "railway": "rail",
        "gauge": "1676 mm",
        "electrified": "contact_line",
        "tracks": "2",
        "usage": "main",
        "service": "passenger",
        "maxspeed": "120 km/h",
        "is_major": true
      }
    },
    {
      "type": "Feature",
      "id": "osm-rail-118",
      "geometry": {
        "type": "LineString",
        "coordinates": [
          [
            78.78,
            28.83
          ],
          [
            78.77153,
            28.77153
          ],
          [
            78.75576,
            28.70576
          ],
          [
            78.75739,
            28.65554
          ],
          [
            78.744,
            28.592
          ],
          [
            78.72815,
            28.52076
          ],
          [
            78.72,
            28.47566
          ],
          [
            78.7123,
            28.4077
          ],
          [
            78.7,
            28.35
          ],
          [
            78.78923,
            28.35278
          ],
          [
            78.87434,
            28.34543
          ],
          [
            78.97185,
            28.3556
          ],
          [
            79.066,
            28.345
          ],
          [
            79.15739,
            28.35071
          ],
          [
            79.23293,
            28.36033
          ],
          [
            79.32847,
            28.35492
          ],
          [
            79.42,
            28.36
          ]
        ]
      },
      "properties": {
        "osm_id": "118",
        "name": "Moradabad - Chandausi - Bareilly Line",
        "ref": "NR-BE-18",
        "operator": "Northern Railway",
        "railway": "rail",
        "gauge": "1676 mm",
        "electrified": "contact_line",
        "tracks": "2",
        "usage": "main",
        "service": "passenger",
        "maxspeed": "120 km/h",
        "is_major": true
      }
    },
    {
      "type": "Feature",
      "id": "osm-rail-119",
      "geometry": {
        "type": "LineString",
        "coordinates": [
          [
            79.42,
            28.36
          ],
          [
            79.48048,
            28.29694
          ],
          [
            79.54674,
            28.24283
          ],
          [
            79.6056,
            28.17076
          ],
          [
            79.667,
            28.126
          ],
          [
            79.73364,
            28.05076
          ],
          [
            79.78326,
            27.99576
          ],
          [
            79.85105,
            27.93617
          ],
          [
            79.91,
            27.88
          ],
          [
            80.00931,
            27.83819
          ],
          [
            80.09826,
            27.80533
          ],
          [
            80.18951,
            27.76005
          ],
          [
            80.289,
            27.725
          ],
          [
            80.3894,
            27.68255
          ],
          [
            80.48184,
            27.64043
          ],
          [
            80.58069,
            27.61028
          ],
          [
            80.68,
            27.57
          ],
          [
            80.71404,
            27.48188
          ],
          [
            80.74938,
            27.39059
          ],
          [
            80.78537,
            27.29137
          ],
          [
            80.8051,
            27.21235
          ],
          [
            80.85007,
            27.12533
          ],
          [
            80.87541,
            27.02611
          ],
          [
            80.90986,
            26.93329
          ],
          [
            80.9462,
            26.8467
          ]
        ]
      },
      "properties": {
        "osm_id": "119",
        "name": "Bareilly - Shahjahanpur - Sitapur - Lucknow Line",
        "ref": "NR-LKO-19",
        "operator": "Northern Railway",
        "railway": "rail",
        "gauge": "1676 mm",
        "electrified": "contact_line",
        "tracks": "2",
        "usage": "main",
        "service": "passenger",
        "maxspeed": "120 km/h",
        "is_major": true
      }
    },
    {
      "type": "Feature",
      "id": "osm-rail-120",
      "geometry": {
        "type": "LineString",
        "coordinates": [
          [
            80.9462,
            26.8467
          ],
          [
            80.97389,
            26.85788
          ],
          [
            81.00041,
            26.86328
          ],
          [
            81.02464,
            26.87979
          ],
          [
            81.0551,
            26.88235
          ],
          [
            81.08678,
            26.89137
          ],
          [
            81.12438,
            26.91483
          ],
          [
            81.14771,
            26.92265
          ],
          [
            81.18,
            26.93
          ],
          [
            81.3052,
            26.90742
          ],
          [
            81.42934,
            26.8925
          ],
          [
            81.5625,
            26.87929
          ],
          [
            81.686,
            26.847
          ],
          [
            81.81196,
            26.8381
          ],
          [
            81.945,
            26.81326
          ],
          [
            82.07173,
            26.79645
          ],
          [
            82.2,
            26.78
          ],
          [
            82.22597,
            26.81278
          ],
          [
            82.25076,
            26.83967
          ],
          [
            82.27696,
            26.8719
          ],
          [
            82.312,
            26.899
          ],
          [
            82.32826,
            26.9381
          ],
          [
            82.36641,
            26.96326
          ],
          [
            82.38867,
            26.99722
          ],
          [
            82.42,
            27.03
          ],
          [
            82.53569,
            26.99931
          ],
          [
            82.65467,
            26.95826
          ],
          [
            82.78179,
            26.92321
          ],
          [
            82.891,
            26.895
          ],
          [
            83.00451,
            26.85755
          ],
          [
            83.12967,
            26.83033
          ],
          [
            83.25355,
            26.79528
          ],
          [
            83.37,
            26.76
          ]
        ]
      },
      "properties": {
        "osm_id": "120",
        "name": "Lucknow - Barabanki - Ayodhya Cantt - Mankapur - Gorakhpur Line",
        "ref": "NER-GKP-20",
        "operator": "North Eastern Railway",
        "railway": "rail",
        "gauge": "1676 mm",
        "electrified": "contact_line",
        "tracks": "2",
        "usage": "main",
        "service": "passenger",
        "maxspeed": "120 km/h",
        "is_major": true
      }
    },
    {
      "type": "Feature",
      "id": "osm-rail-121",
      "geometry": {
        "type": "LineString",
        "coordinates": [
          [
            77.2195,
            28.6143
          ],
          [
            77.19658,
            28.59529
          ],
          [
            77.17212,
            28.57464
          ],
          [
            77.14659,
            28.56008
          ],
          [
            77.11675,
            28.52615
          ],
          [
            77.10476,
            28.50237
          ],
          [
            77.07738,
            28.49107
          ],
          [
            77.05598,
            28.4713
          ],
          [
            77.03,
            28.45
          ],
          [
            76.97875,
            28.41242
          ],
          [
            76.92184,
            28.3825
          ],
          [
            76.86886,
            28.34321
          ],
          [
            76.823,
            28.315
          ],
          [
            76.77005,
            28.2831
          ],
          [
            76.72109,
            28.24467
          ],
          [
            76.67431,
            28.21681
          ],
          [
            76.62,
            28.18
          ],
          [
            76.6175,
            28.10298
          ],
          [
            76.61217,
            28.02891
          ],
          [
            76.61435,
            27.94755
          ],
          [
            76.608,
            27.865
          ],
          [
            76.6075,
            27.79321
          ],
          [
            76.60783,
            27.71826
          ],
          [
            76.60097,
            27.64778
          ],
          [
            76.6,
            27.57
          ],
          [
            76.59319,
            27.5073
          ],
          [
            76.59109,
            27.44141
          ],
          [
            76.59429,
            27.36761
          ],
          [
            76.581,
            27.314
          ],
          [
            76.57201,
            27.25239
          ],
          [
            76.57891,
            27.17859
          ],
          [
            76.57375,
            27.11117
          ],
          [
            76.57,
            27.05
          ],
          [
            76.47063,
            27.02974
          ],
          [
            76.36867,
            27.01136
          ],
          [
            76.27649,
            26.9984
          ],
          [
            76.17665,
            26.9772
          ],
          [
            76.08266,
            26.9603
          ],
          [
            75.98156,
            26.93973
          ],
          [
            75.88131,
            26.92807
          ],
          [
            75.7873,
            26.9124
          ]
        ]
      },
      "properties": {
        "osm_id": "121",
        "name": "Delhi - Gurgaon - Rewari - Alwar - Bandikui - Jaipur Trunk",
        "ref": "NWR-JP-21",
        "operator": "North Western Railway",
        "railway": "rail",
        "gauge": "1676 mm",
        "electrified": "contact_line",
        "tracks": "2",
        "usage": "main",
        "service": "passenger",
        "maxspeed": "120 km/h",
        "is_major": true
      }
    },
    {
      "type": "Feature",
      "id": "osm-rail-122",
      "geometry": {
        "type": "LineString",
        "coordinates": [
          [
            76.62,
            28.18
          ],
          [
            76.55875,
            28.25423
          ],
          [
            76.49467,
            28.33141
          ],
          [
            76.4381,
            28.4013
          ],
          [
            76.373,
            28.47
          ],
          [
            76.31375,
            28.54946
          ],
          [
            76.25533,
            28.62576
          ],
          [
            76.18972,
            28.70653
          ],
          [
            76.13,
            28.78
          ],
          [
            76.08028,
            28.82319
          ],
          [
            76.03174,
            28.87391
          ],
          [
            75.97995,
            28.92245
          ],
          [
            75.925,
            28.973
          ],
          [
            75.8719,
            29.01679
          ],
          [
            75.82533,
            29.05891
          ],
          [
            75.77125,
            29.10375
          ],
          [
            75.72,
            29.15
          ],
          [
            75.63298,
            29.19673
          ],
          [
            75.55033,
            29.24359
          ],
          [
            75.45386,
            29.28696
          ],
          [
            75.383,
            29.346
          ],
          [
            75.29429,
            29.3912
          ],
          [
            75.19826,
            29.43076
          ],
          [
            75.11395,
            29.4848
          ],
          [
            75.03,
            29.53
          ],
          [
            75.01847,
            29.6127
          ],
          [
            75.00576,
            29.69859
          ],
          [
            75.00185,
            29.79239
          ],
          [
            74.994,
            29.872
          ],
          [
            74.98,
            29.955
          ],
          [
            74.96717,
            30.03576
          ],
          [
            74.9623,
            30.12194
          ],
          [
            74.95,
            30.21
          ]
        ]
      },
      "properties": {
        "osm_id": "122",
        "name": "Rewari - Bhiwani - Hisar - Sirsa - Bhatinda Line",
        "ref": "NWR-HSR-22",
        "operator": "North Western Railway",
        "railway": "rail",
        "gauge": "1676 mm",
        "electrified": "contact_line",
        "tracks": "1",
        "usage": "main",
        "service": "passenger",
        "maxspeed": "120 km/h",
        "is_major": true
      }
    },
    {
      "type": "Feature",
      "id": "osm-rail-123",
      "geometry": {
        "type": "LineString",
        "coordinates": [
          [
            75.7873,
            26.9124
          ],
          [
            75.77792,
            26.96404
          ],
          [
            75.76406,
            27.02604
          ],
          [
            75.74902,
            27.06726
          ],
          [
            75.75165,
            27.1332
          ],
          [
            75.73828,
            27.1822
          ],
          [
            75.72182,
            27.23636
          ],
          [
            75.70709,
            27.29683
          ],
          [
            75.7,
            27.35
          ],
          [
            75.6323,
            27.3825
          ],
          [
            75.56,
            27.40934
          ],
          [
            75.49185,
            27.44565
          ],
          [
            75.41,
            27.478
          ],
          [
            75.34076,
            27.51065
          ],
          [
            75.27859,
            27.54783
          ],
          [
            75.21077,
            27.5798
          ],
          [
            75.14,
            27.61
          ],
          [
            75.11931,
            27.69472
          ],
          [
            75.08543,
            27.7825
          ],
          [
            75.06321,
            27.8706
          ],
          [
            75.045,
            27.955
          ],
          [
            75.01386,
            28.03386
          ],
          [
            74.99891,
            28.13033
          ],
          [
            74.97145,
            28.21681
          ],
          [
            74.95,
            28.3
          ],
          [
            74.90952,
            28.29681
          ],
          [
            74.87033,
            28.28184
          ],
          [
            74.81886,
            28.27571
          ],
          [
            74.777,
            28.283
          ],
          [
            74.7419,
            28.27614
          ],
          [
            74.69967,
            28.2625
          ],
          [
            74.66125,
            28.25319
          ],
          [
            74.62,
            28.25
          ],
          [
            74.45242,
            28.21694
          ],
          [
            74.28684,
            28.18576
          ],
          [
            74.11951,
            28.16185
          ],
          [
            73.957,
            28.136
          ],
          [
            73.79201,
            28.10185
          ],
          [
            73.63609,
            28.07283
          ],
          [
            73.47375,
            28.0423
          ],
          [
            73.31,
            28.01
          ]
        ]
      },
      "properties": {
        "osm_id": "123",
        "name": "Jaipur - Ringas - Sikar - Churu - Ratangarh - Bikaner Line",
        "ref": "NWR-BKN-23",
        "operator": "North Western Railway",
        "railway": "rail",
        "gauge": "1676 mm",
        "electrified": "contact_line",
        "tracks": "1",
        "usage": "main",
        "service": "passenger",
        "maxspeed": "120 km/h",
        "is_major": true
      }
    },
    {
      "type": "Feature",
      "id": "osm-rail-124",
      "geometry": {
        "type": "LineString",
        "coordinates": [
          [
            73.31,
            28.01
          ],
          [
            73.36145,
            27.90569
          ],
          [
            73.42033,
            27.81033
          ],
          [
            73.47679,
            27.70255
          ],
          [
            73.521,
            27.597
          ],
          [
            73.5806,
            27.51114
          ],
          [
            73.63391,
            27.40109
          ],
          [
            73.68625,
            27.29895
          ],
          [
            73.74,
            27.2
          ],
          [
            73.74597,
            27.13048
          ],
          [
            73.75641,
            27.06391
          ],
          [
            73.76435,
            26.9956
          ],
          [
            73.768,
            26.915
          ],
          [
            73.7738,
            26.85995
          ],
          [
            73.78783,
            26.78184
          ],
          [
            73.79097,
            26.71952
          ],
          [
            73.8,
            26.65
          ],
          [
            73.7025,
            26.59855
          ],
          [
            73.60641,
            26.55276
          ],
          [
            73.5075,
            26.49935
          ],
          [
            73.408,
            26.4462
          ],
          [
            73.30696,
            26.39645
          ],
          [
            73.20793,
            26.33564
          ],
          [
            73.11903,
            26.28755
          ],
          [
            73.02,
            26.2384
          ]
        ]
      },
      "properties": {
        "osm_id": "124",
        "name": "Bikaner - Nagaur - Merta Road - Jodhpur Line",
        "ref": "NWR-JU-24",
        "operator": "North Western Railway",
        "railway": "rail",
        "gauge": "1676 mm",
        "electrified": "contact_line",
        "tracks": "1",
        "usage": "main",
        "service": "passenger",
        "maxspeed": "120 km/h",
        "is_major": true
      }
    },
    {
      "type": "Feature",
      "id": "osm-rail-125",
      "geometry": {
        "type": "LineString",
        "coordinates": [
          [
            73.02,
            26.2384
          ],
          [
            73.0252,
            26.20082
          ],
          [
            73.03924,
            26.17196
          ],
          [
            73.03326,
            26.12471
          ],
          [
            73.044,
            26.1022
          ],
          [
            73.0575,
            26.06
          ],
          [
            73.07066,
            26.02351
          ],
          [
            73.0702,
            25.98911
          ],
          [
            73.08,
            25.95
          ],
          [
            73.02056,
            25.93452
          ],
          [
            72.95217,
            25.91467
          ],
          [
            72.8925,
            25.90495
          ],
          [
            72.822,
            25.887
          ],
          [
            72.7675,
            25.86875
          ],
          [
            72.70217,
            25.85109
          ],
          [
            72.63867,
            25.83931
          ],
          [
            72.58,
            25.82
          ],
          [
            72.43097,
            25.81048
          ],
          [
            72.28076,
            25.79684
          ],
          [
            72.1375,
            25.79375
          ],
          [
            71.988,
            25.791
          ],
          [
            71.84065,
            25.77995
          ],
          [
            71.70066,
            25.76043
          ],
          [
            71.5475,
            25.75492
          ],
          [
            71.4,
            25.75
          ],
          [
            71.25597,
            25.74778
          ],
          [
            71.11924,
            25.74674
          ],
          [
            70.97435,
            25.73505
          ],
          [
            70.836,
            25.725
          ],
          [
            70.68565,
            25.72571
          ],
          [
            70.55066,
            25.72467
          ],
          [
            70.39867,
            25.72145
          ],
          [
            70.26,
            25.72
          ]
        ]
      },
      "properties": {
        "osm_id": "125",
        "name": "Jodhpur - Luni - Samdari - Barmer - Munabao Border Line",
        "ref": "NWR-BME-25",
        "operator": "North Western Railway",
        "railway": "rail",
        "gauge": "1676 mm",
        "electrified": "contact_line",
        "tracks": "1",
        "usage": "branch",
        "service": "passenger",
        "maxspeed": "120 km/h",
        "is_major": true
      }
    },
    {
      "type": "Feature",
      "id": "osm-rail-126",
      "geometry": {
        "type": "LineString",
        "coordinates": [
          [
            73.02,
            26.2384
          ],
          [
            72.8802,
            26.32207
          ],
          [
            72.74924,
            26.41446
          ],
          [
            72.59826,
            26.48846
          ],
          [
            72.464,
            26.5872
          ],
          [
            72.3325,
            26.66625
          ],
          [
            72.20066,
            26.75101
          ],
          [
            72.0552,
            26.83786
          ],
          [
            71.92,
            26.92
          ],
          [
            71.79528,
            26.91645
          ],
          [
            71.67033,
            26.91043
          ],
          [
            71.5394,
            26.9181
          ],
          [
            71.413,
            26.915
          ],
          [
            71.28321,
            26.91745
          ],
          [
            71.15684,
            26.9125
          ],
          [
            71.03242,
            26.91278
          ],
          [
            70.91,
            26.91
          ]
        ]
      },
      "properties": {
        "osm_id": "126",
        "name": "Jodhpur - Pokaran - Jaisalmer Thar Desert Line",
        "ref": "NWR-JSM-26",
        "operator": "North Western Railway",
        "railway": "rail",
        "gauge": "1676 mm",
        "electrified": "contact_line",
        "tracks": "1",
        "usage": "branch",
        "service": "passenger",
        "maxspeed": "120 km/h",
        "is_major": true
      }
    },
    {
      "type": "Feature",
      "id": "osm-rail-127",
      "geometry": {
        "type": "LineString",
        "coordinates": [
          [
            75.7873,
            26.9124
          ],
          [
            75.67292,
            26.86654
          ],
          [
            75.55406,
            26.83104
          ],
          [
            75.43402,
            26.77476
          ],
          [
            75.33165,
            26.7432
          ],
          [
            75.21328,
            26.6947
          ],
          [
            75.09183,
            26.65136
          ],
          [
            74.97209,
            26.61433
          ],
          [
            74.86,
            26.57
          ],
          [
            74.83202,
            26.55577
          ],
          [
            74.79967,
            26.54424
          ],
          [
            74.77375,
            26.525
          ],
          [
            74.751,
            26.506
          ],
          [
            74.72179,
            26.49315
          ],
          [
            74.68467,
            26.47576
          ],
          [
            74.65875,
            26.46347
          ],
          [
            74.63,
            26.45
          ],
          [
            74.50556,
            26.3623
          ],
          [
            74.37076,
            26.26576
          ],
          [
            74.2512,
            26.17446
          ],
          [
            74.128,
            26.092
          ],
          [
            73.98696,
            25.99076
          ],
          [
            73.85793,
            25.91283
          ],
          [
            73.73597,
            25.8177
          ],
          [
            73.61,
            25.73
          ],
          [
            73.5127,
            25.57452
          ],
          [
            73.42424,
            25.42033
          ],
          [
            73.33054,
            25.25201
          ],
          [
            73.234,
            25.103
          ],
          [
            73.13315,
            24.94136
          ],
          [
            73.03859,
            24.78967
          ],
          [
            72.94194,
            24.63625
          ],
          [
            72.85,
            24.48
          ],
          [
            72.81671,
            24.29552
          ],
          [
            72.77611,
            24.11845
          ],
          [
            72.75107,
            23.93344
          ],
          [
            72.7147,
            23.74125
          ],
          [
            72.66848,
            23.57091
          ],
          [
            72.63822,
            23.38405
          ],
          [
            72.60393,
            23.20622
          ],
          [
            72.5714,
            23.0225
          ]
        ]
      },
      "properties": {
        "osm_id": "127",
        "name": "Jaipur - Kishangarh - Ajmer - Marwar - Abu Road - Ahmedabad Trunk",
        "ref": "NWR-ADI-27",
        "operator": "North Western / Western Railway",
        "railway": "rail",
        "gauge": "1676 mm",
        "electrified": "contact_line",
        "tracks": "2",
        "usage": "main",
        "service": "passenger",
        "maxspeed": "120 km/h",
        "is_major": true
      }
    },
    {
      "type": "Feature",
      "id": "osm-rail-128",
      "geometry": {
        "type": "LineString",
        "coordinates": [
          [
            75.7873,
            26.9124
          ],
          [
            75.86292,
            26.79529
          ],
          [
            75.93406,
            26.68854
          ],
          [
            76.00402,
            26.56101
          ],
          [
            76.09165,
            26.4582
          ],
          [
            76.16328,
            26.33845
          ],
          [
            76.23183,
            26.22386
          ],
          [
            76.30209,
            26.11558
          ],
          [
            76.38,
            26.0
          ],
          [
            76.30937,
            25.89827
          ],
          [
            76.24332,
            25.78793
          ],
          [
            76.16944,
            25.69804
          ],
          [
            76.10065,
            25.586
          ],
          [
            76.03646,
            25.48011
          ],
          [
            75.97139,
            25.38359
          ],
          [
            75.90011,
            25.28556
          ],
          [
            75.8333,
            25.18
          ]
        ]
      },
      "properties": {
        "osm_id": "128",
        "name": "Jaipur - Sawai Madhopur - Kota Junction Trunk Line",
        "ref": "WCR-KOTA-28",
        "operator": "West Central Railway",
        "railway": "rail",
        "gauge": "1676 mm",
        "electrified": "contact_line",
        "tracks": "2",
        "usage": "main",
        "service": "passenger",
        "maxspeed": "120 km/h",
        "is_major": true
      }
    },
    {
      "type": "Feature",
      "id": "osm-rail-129",
      "geometry": {
        "type": "LineString",
        "coordinates": [
          [
            75.8333,
            25.18
          ],
          [
            75.68059,
            25.13867
          ],
          [
            75.52823,
            25.10076
          ],
          [
            75.37652,
            25.05826
          ],
          [
            75.22765,
            25.038
          ],
          [
            75.072,
            24.99804
          ],
          [
            74.93365,
            24.95783
          ],
          [
            74.78118,
            24.91903
          ],
          [
            74.63,
            24.88
          ],
          [
            74.51431,
            24.84097
          ],
          [
            74.38826,
            24.80924
          ],
          [
            74.27745,
            24.75826
          ],
          [
            74.163,
            24.726
          ],
          [
            74.03071,
            24.6925
          ],
          [
            73.91043,
            24.64793
          ],
          [
            73.79722,
            24.61444
          ],
          [
            73.68,
            24.58
          ]
        ]
      },
      "properties": {
        "osm_id": "129",
        "name": "Kota - Chittorgarh - Chanderiya - Udaipur City Line",
        "ref": "NWR-UDZ-29",
        "operator": "North Western Railway",
        "railway": "rail",
        "gauge": "1676 mm",
        "electrified": "contact_line",
        "tracks": "1",
        "usage": "main",
        "service": "passenger",
        "maxspeed": "120 km/h",
        "is_major": true
      }
    },
    {
      "type": "Feature",
      "id": "osm-rail-130",
      "geometry": {
        "type": "LineString",
        "coordinates": [
          [
            75.8333,
            25.18
          ],
          [
            75.83934,
            25.10992
          ],
          [
            75.84573,
            25.04326
          ],
          [
            75.85277,
            24.97201
          ],
          [
            75.86265,
            24.923
          ],
          [
            75.86575,
            24.85429
          ],
          [
            75.88615,
            24.78533
          ],
          [
            75.89243,
            24.71778
          ],
          [
            75.9,
            24.65
          ],
          [
            75.8011,
            24.48618
          ],
          [
            75.71257,
            24.32365
          ],
          [
            75.61434,
            24.15624
          ],
          [
            75.50665,
            23.99565
          ],
          [
            75.41342,
            23.82337
          ],
          [
            75.32639,
            23.66389
          ],
          [
            75.2322,
            23.49942
          ],
          [
            75.1333,
            23.3333
          ]
        ]
      },
      "properties": {
        "osm_id": "130",
        "name": "Kota - Ramganj Mandi - Shamgarh - Ratlam Junction Line",
        "ref": "WCR-RTM-30",
        "operator": "West Central Railway",
        "railway": "rail",
        "gauge": "1676 mm",
        "electrified": "contact_line",
        "tracks": "2",
        "usage": "main",
        "service": "passenger",
        "maxspeed": "120 km/h",
        "is_major": true
      }
    },
    {
      "type": "Feature",
      "id": "osm-rail-131",
      "geometry": {
        "type": "LineString",
        "coordinates": [
          [
            75.1333,
            23.3333
          ],
          [
            75.02059,
            23.26809
          ],
          [
            74.91248,
            23.2004
          ],
          [
            74.80761,
            23.13717
          ],
          [
            74.68165,
            23.08365
          ],
          [
            74.58493,
            23.02243
          ],
          [
            74.47224,
            22.95582
          ],
          [
            74.35812,
            22.89062
          ],
          [
            74.25,
            22.83
          ],
          [
            74.17278,
            22.8225
          ],
          [
            74.09109,
            22.81217
          ],
          [
            74.01005,
            22.79826
          ],
          [
            73.937,
            22.8
          ],
          [
            73.85071,
            22.79065
          ],
          [
            73.77184,
            22.78359
          ],
          [
            73.69722,
            22.7775
          ],
          [
            73.62,
            22.77
          ],
          [
            73.56132,
            22.71368
          ],
          [
            73.51313,
            22.65147
          ],
          [
            73.44806,
            22.58906
          ],
          [
            73.4006,
            22.5386
          ],
          [
            73.3476,
            22.48814
          ],
          [
            73.28949,
            22.42714
          ],
          [
            73.23452,
            22.36428
          ],
          [
            73.1812,
            22.3072
          ]
        ]
      },
      "properties": {
        "osm_id": "131",
        "name": "Ratlam - Dahod - Godhra - Vadodara Trunk Line",
        "ref": "WR-BRC-31",
        "operator": "Western Railway",
        "railway": "rail",
        "gauge": "1676 mm",
        "electrified": "contact_line",
        "tracks": "2",
        "usage": "main",
        "service": "passenger",
        "maxspeed": "120 km/h",
        "is_major": true
      }
    },
    {
      "type": "Feature",
      "id": "osm-rail-132",
      "geometry": {
        "type": "LineString",
        "coordinates": [
          [
            72.5714,
            23.0225
          ],
          [
            72.5024,
            23.03698
          ],
          [
            72.43681,
            23.04405
          ],
          [
            72.38327,
            23.05721
          ],
          [
            72.3007,
            23.06125
          ],
          [
            72.23998,
            23.08344
          ],
          [
            72.18601,
            23.09421
          ],
          [
            72.11671,
            23.10858
          ],
          [
            72.05,
            23.12
          ],
          [
            71.99673,
            23.06923
          ],
          [
            71.94359,
            23.02141
          ],
          [
            71.88696,
            22.96261
          ],
          [
            71.83,
            22.92
          ],
          [
            71.7838,
            22.87
          ],
          [
            71.74066,
            22.82424
          ],
          [
            71.68327,
            22.76847
          ],
          [
            71.63,
            22.72
          ],
          [
            71.52702,
            22.66903
          ],
          [
            71.4225,
            22.61359
          ],
          [
            71.3206,
            22.56435
          ],
          [
            71.217,
            22.512
          ],
          [
            71.10201,
            22.4575
          ],
          [
            71.00326,
            22.40924
          ],
          [
            70.90375,
            22.35173
          ],
          [
            70.8,
            22.3
          ]
        ]
      },
      "properties": {
        "osm_id": "132",
        "name": "Ahmedabad - Viramgam - Surendranagar - Wankaner - Rajkot Line",
        "ref": "WR-RJT-32",
        "operator": "Western Railway",
        "railway": "rail",
        "gauge": "1676 mm",
        "electrified": "contact_line",
        "tracks": "2",
        "usage": "main",
        "service": "passenger",
        "maxspeed": "120 km/h",
        "is_major": true
      }
    },
    {
      "type": "Feature",
      "id": "osm-rail-133",
      "geometry": {
        "type": "LineString",
        "coordinates": [
          [
            70.8,
            22.3
          ],
          [
            70.70875,
            22.31819
          ],
          [
            70.61184,
            22.33543
          ],
          [
            70.52995,
            22.36005
          ],
          [
            70.435,
            22.387
          ],
          [
            70.34005,
            22.41179
          ],
          [
            70.25533,
            22.42467
          ],
          [
            70.16355,
            22.45181
          ],
          [
            70.07,
            22.47
          ],
          [
            69.92972,
            22.44048
          ],
          [
            69.7925,
            22.41816
          ],
          [
            69.64636,
            22.3856
          ],
          [
            69.517,
            22.359
          ],
          [
            69.37995,
            22.33179
          ],
          [
            69.24174,
            22.30316
          ],
          [
            69.10181,
            22.26569
          ],
          [
            68.96,
            22.24
          ],
          [
            68.97222,
            22.24
          ],
          [
            68.99174,
            22.23434
          ],
          [
            68.99386,
            22.24739
          ],
          [
            69.005,
            22.242
          ],
          [
            69.01951,
            22.24554
          ],
          [
            69.03543,
            22.24566
          ],
          [
            69.05319,
            22.24153
          ],
          [
            69.07,
            22.24
          ]
        ]
      },
      "properties": {
        "osm_id": "133",
        "name": "Rajkot - Jamnagar - Dwarka - Okha Line",
        "ref": "WR-OKHA-33",
        "operator": "Western Railway",
        "railway": "rail",
        "gauge": "1676 mm",
        "electrified": "contact_line",
        "tracks": "1",
        "usage": "main",
        "service": "passenger",
        "maxspeed": "120 km/h",
        "is_major": true
      }
    },
    {
      "type": "Feature",
      "id": "osm-rail-134",
      "geometry": {
        "type": "LineString",
        "coordinates": [
          [
            70.8,
            22.3
          ],
          [
            70.75625,
            22.19944
          ],
          [
            70.70684,
            22.09793
          ],
          [
            70.67245,
            22.0038
          ],
          [
            70.625,
            21.912
          ],
          [
            70.57755,
            21.81804
          ],
          [
            70.54033,
            21.71217
          ],
          [
            70.49605,
            21.62056
          ],
          [
            70.45,
            21.52
          ],
          [
            70.4423,
            21.44097
          ],
          [
            70.43283,
            21.35793
          ],
          [
            70.41076,
            21.28196
          ],
          [
            70.412,
            21.206
          ],
          [
            70.39446,
            21.1325
          ],
          [
            70.38717,
            21.05076
          ],
          [
            70.38077,
            20.97597
          ],
          [
            70.37,
            20.9
          ]
        ]
      },
      "properties": {
        "osm_id": "134",
        "name": "Rajkot - Gondal - Junagadh - Veraval Somnath Line",
        "ref": "WR-VRL-34",
        "operator": "Western Railway",
        "railway": "rail",
        "gauge": "1676 mm",
        "electrified": "contact_line",
        "tracks": "1",
        "usage": "main",
        "service": "passenger",
        "maxspeed": "120 km/h",
        "is_major": true
      }
    },
    {
      "type": "Feature",
      "id": "osm-rail-135",
      "geometry": {
        "type": "LineString",
        "coordinates": [
          [
            71.63,
            22.72
          ],
          [
            71.63577,
            22.65278
          ],
          [
            71.64,
            22.58109
          ],
          [
            71.64685,
            22.5156
          ],
          [
            71.652,
            22.447
          ],
          [
            71.64576,
            22.37625
          ],
          [
            71.65576,
            22.31174
          ],
          [
            71.665,
            22.23798
          ],
          [
            71.67,
            22.17
          ],
          [
            71.72923,
            22.11492
          ],
          [
            71.78293,
            22.06891
          ],
          [
            71.85554,
            22.00701
          ],
          [
            71.908,
            21.967
          ],
          [
            71.9737,
            21.9156
          ],
          [
            72.02717,
            21.86109
          ],
          [
            72.09077,
            21.80895
          ],
          [
            72.15,
            21.76
          ]
        ]
      },
      "properties": {
        "osm_id": "135",
        "name": "Surendranagar - Botad - Dhola - Bhavnagar Terminus Line",
        "ref": "WR-BVC-35",
        "operator": "Western Railway",
        "railway": "rail",
        "gauge": "1676 mm",
        "electrified": "contact_line",
        "tracks": "1",
        "usage": "branch",
        "service": "passenger",
        "maxspeed": "120 km/h",
        "is_major": true
      }
    },
    {
      "type": "Feature",
      "id": "osm-rail-136",
      "geometry": {
        "type": "LineString",
        "coordinates": [
          [
            72.05,
            23.12
          ],
          [
            71.85798,
            23.14548
          ],
          [
            71.66609,
            23.17391
          ],
          [
            71.47071,
            23.19136
          ],
          [
            71.275,
            23.225
          ],
          [
            71.09005,
            23.25125
          ],
          [
            70.90816,
            23.28174
          ],
          [
            70.71202,
            23.30222
          ],
          [
            70.52,
            23.33
          ],
          [
            70.47355,
            23.29645
          ],
          [
            70.42391,
            23.26043
          ],
          [
            70.3719,
            23.2381
          ],
          [
            70.321,
            23.207
          ],
          [
            70.27071,
            23.16821
          ],
          [
            70.23316,
            23.13967
          ],
          [
            70.17875,
            23.11202
          ],
          [
            70.13,
            23.08
          ],
          [
            70.07202,
            23.09972
          ],
          [
            70.00684,
            23.11543
          ],
          [
            69.95005,
            23.1419
          ],
          [
            69.887,
            23.167
          ],
          [
            69.82886,
            23.1844
          ],
          [
            69.7775,
            23.21174
          ],
          [
            69.72181,
            23.22798
          ],
          [
            69.66,
            23.25
          ]
        ]
      },
      "properties": {
        "osm_id": "136",
        "name": "Viramgam - Samakhiali - Gandhidham - Anjar - Bhuj (Kutch) Line",
        "ref": "WR-BHUJ-36",
        "operator": "Western Railway",
        "railway": "rail",
        "gauge": "1676 mm",
        "electrified": "contact_line",
        "tracks": "1",
        "usage": "main",
        "service": "passenger",
        "maxspeed": "120 km/h",
        "is_major": true
      }
    },
    {
      "type": "Feature",
      "id": "osm-rail-137",
      "geometry": {
        "type": "LineString",
        "coordinates": [
          [
            72.5714,
            23.0225
          ],
          [
            72.60365,
            22.98448
          ],
          [
            72.63931,
            22.93905
          ],
          [
            72.68702,
            22.89971
          ],
          [
            72.7057,
            22.85125
          ],
          [
            72.74623,
            22.82094
          ],
          [
            72.79351,
            22.77921
          ],
          [
            72.82546,
            22.74108
          ],
          [
            72.86,
            22.7
          ],
          [
            72.87125,
            22.67819
          ],
          [
            72.88816,
            22.65967
          ],
          [
            72.8919,
            22.63451
          ],
          [
            72.907,
            22.631
          ],
          [
            72.91255,
            22.6081
          ],
          [
            72.92467,
            22.58467
          ],
          [
            72.93645,
            22.56722
          ],
          [
            72.95,
            22.55
          ],
          [
            72.9766,
            22.51888
          ],
          [
            73.00921,
            22.4893
          ],
          [
            73.033,
            22.46265
          ],
          [
            73.0676,
            22.4206
          ],
          [
            73.08526,
            22.3964
          ],
          [
            73.1234,
            22.36931
          ],
          [
            73.14924,
            22.33908
          ],
          [
            73.1812,
            22.3072
          ]
        ]
      },
      "properties": {
        "osm_id": "137",
        "name": "Ahmedabad - Nadiad - Anand - Vadodara Line",
        "ref": "WR-MAIN-37",
        "operator": "Western Railway",
        "railway": "rail",
        "gauge": "1676 mm",
        "electrified": "contact_line",
        "tracks": "3",
        "usage": "main",
        "service": "passenger",
        "maxspeed": "120 km/h",
        "is_major": true
      }
    },
    {
      "type": "Feature",
      "id": "osm-rail-138",
      "geometry": {
        "type": "LineString",
        "coordinates": [
          [
            73.1812,
            22.3072
          ],
          [
            73.15222,
            22.22977
          ],
          [
            73.13231,
            22.15681
          ],
          [
            73.1076,
            22.07765
          ],
          [
            73.0726,
            21.9996
          ],
          [
            73.04621,
            21.9277
          ],
          [
            73.03596,
            21.85039
          ],
          [
            73.00438,
            21.7736
          ],
          [
            72.98,
            21.7
          ],
          [
            72.95833,
            21.63301
          ],
          [
            72.94278,
            21.56755
          ],
          [
            72.93155,
            21.49763
          ],
          [
            72.89755,
            21.4331
          ],
          [
            72.87955,
            21.37257
          ],
          [
            72.87257,
            21.30689
          ],
          [
            72.84742,
            21.23566
          ],
          [
            72.8311,
            21.1702
          ]
        ]
      },
      "properties": {
        "osm_id": "138",
        "name": "Vadodara - Bharuch - Ankleshwar - Surat Line",
        "ref": "WR-MAIN-38",
        "operator": "Western Railway",
        "railway": "rail",
        "gauge": "1676 mm",
        "electrified": "contact_line",
        "tracks": "3",
        "usage": "main",
        "service": "passenger",
        "maxspeed": "120 km/h",
        "is_major": true
      }
    },
    {
      "type": "Feature",
      "id": "osm-rail-139",
      "geometry": {
        "type": "LineString",
        "coordinates": [
          [
            72.8311,
            21.1702
          ],
          [
            72.84874,
            21.13961
          ],
          [
            72.8605,
            21.11515
          ],
          [
            72.87205,
            21.07839
          ],
          [
            72.88555,
            21.0561
          ],
          [
            72.91166,
            21.02703
          ],
          [
            72.93202,
            21.00788
          ],
          [
            72.94083,
            20.9737
          ],
          [
            72.96,
            20.95
          ],
          [
            72.95242,
            20.8798
          ],
          [
            72.95391,
            20.81066
          ],
          [
            72.9506,
            20.72511
          ],
          [
            72.951,
            20.662
          ],
          [
            72.93571,
            20.5838
          ],
          [
            72.93326,
            20.50793
          ],
          [
            72.93375,
            20.44403
          ],
          [
            72.93,
            20.37
          ],
          [
            72.91181,
            20.3223
          ],
          [
            72.89033,
            20.26859
          ],
          [
            72.8681,
            20.21446
          ],
          [
            72.849,
            20.16
          ],
          [
            72.81451,
            20.11076
          ],
          [
            72.80391,
            20.06293
          ],
          [
            72.77895,
            20.01617
          ],
          [
            72.76,
            19.97
          ],
          [
            72.76653,
            19.90367
          ],
          [
            72.77,
            19.83793
          ],
          [
            72.775,
            19.7788
          ],
          [
            72.772,
            19.714
          ],
          [
            72.77576,
            19.65935
          ],
          [
            72.78576,
            19.595
          ],
          [
            72.79806,
            19.53556
          ],
          [
            72.8,
            19.47
          ],
          [
            72.80246,
            19.40668
          ],
          [
            72.79938,
            19.33924
          ],
          [
            72.80598,
            19.2805
          ],
          [
            72.8209,
            19.2258
          ],
          [
            72.81243,
            19.14801
          ],
          [
            72.82359,
            19.09046
          ],
          [
            72.81951,
            19.02909
          ],
          [
            72.8258,
            18.9696
          ]
        ]
      },
      "properties": {
        "osm_id": "139",
        "name": "Surat - Navsari - Valsad - Vapi - Dahanu Road - Virar - Mumbai Central",
        "ref": "WR-MMCT-39",
        "operator": "Western Railway",
        "railway": "rail",
        "gauge": "1676 mm",
        "electrified": "contact_line",
        "tracks": "4",
        "usage": "main",
        "service": "passenger",
        "maxspeed": "120 km/h",
        "is_major": true
      }
    },
    {
      "type": "Feature",
      "id": "osm-rail-140",
      "geometry": {
        "type": "LineString",
        "coordinates": [
          [
            72.8311,
            21.1702
          ],
          [
            72.90249,
            21.15961
          ],
          [
            72.968,
            21.15515
          ],
          [
            73.0333,
            21.13839
          ],
          [
            73.10055,
            21.1361
          ],
          [
            73.18041,
            21.12703
          ],
          [
            73.25452,
            21.12788
          ],
          [
            73.31708,
            21.1137
          ],
          [
            73.39,
            21.11
          ],
          [
            73.49903,
            21.1402
          ],
          [
            73.61066,
            21.17217
          ],
          [
            73.7162,
            21.19826
          ],
          [
            73.82,
            21.244
          ],
          [
            73.9275,
            21.26696
          ],
          [
            74.04066,
            21.31066
          ],
          [
            74.14327,
            21.33444
          ],
          [
            74.25,
            21.37
          ],
          [
            74.41528,
            21.32528
          ],
          [
            74.57609,
            21.27043
          ],
          [
            74.73755,
            21.22386
          ],
          [
            74.907,
            21.181
          ],
          [
            75.06321,
            21.13505
          ],
          [
            75.22684,
            21.0925
          ],
          [
            75.39472,
            21.04395
          ],
          [
            75.56,
            21.0
          ]
        ]
      },
      "properties": {
        "osm_id": "140",
        "name": "Surat - Vyara - Nandurbar - Amalner - Jalgaon Line",
        "ref": "WR-JL-40",
        "operator": "Western / Central Railway",
        "railway": "rail",
        "gauge": "1676 mm",
        "electrified": "contact_line",
        "tracks": "2",
        "usage": "main",
        "service": "passenger",
        "maxspeed": "120 km/h",
        "is_major": true
      }
    },
    {
      "type": "Feature",
      "id": "osm-rail-141",
      "geometry": {
        "type": "LineString",
        "coordinates": [
          [
            78.0081,
            27.1767
          ],
          [
            78.00737,
            27.09239
          ],
          [
            78.0064,
            27.00502
          ],
          [
            78.00686,
            26.9118
          ],
          [
            77.99505,
            26.83135
          ],
          [
            77.98755,
            26.74936
          ],
          [
            77.98887,
            26.66592
          ],
          [
            77.99303,
            26.5766
          ],
          [
            77.99,
            26.49
          ],
          [
            78.01365,
            26.45833
          ],
          [
            78.03306,
            26.4249
          ],
          [
            78.06834,
            26.3955
          ],
          [
            78.0786,
            26.36015
          ],
          [
            78.10825,
            26.32204
          ],
          [
            78.12907,
            26.28057
          ],
          [
            78.15861,
            26.24997
          ],
          [
            78.1792,
            26.2183
          ],
          [
            78.22786,
            26.12053
          ],
          [
            78.27652,
            26.02582
          ],
          [
            78.33073,
            25.92404
          ],
          [
            78.38185,
            25.83735
          ],
          [
            78.42066,
            25.73342
          ],
          [
            78.46976,
            25.64229
          ],
          [
            78.51907,
            25.54464
          ],
          [
            78.5685,
            25.4484
          ]
        ]
      },
      "properties": {
        "osm_id": "141",
        "name": "Agra - Morena - Gwalior - Jhansi Trunk Line",
        "ref": "NCR-JHS-41",
        "operator": "North Central Railway",
        "railway": "rail",
        "gauge": "1676 mm",
        "electrified": "contact_line",
        "tracks": "3",
        "usage": "main",
        "service": "passenger",
        "maxspeed": "120 km/h",
        "is_major": true
      }
    },
    {
      "type": "Feature",
      "id": "osm-rail-142",
      "geometry": {
        "type": "LineString",
        "coordinates": [
          [
            78.5685,
            25.4484
          ],
          [
            78.54716,
            25.35312
          ],
          [
            78.52746,
            25.26196
          ],
          [
            78.50537,
            25.1621
          ],
          [
            78.47925,
            25.0582
          ],
          [
            78.47313,
            24.97369
          ],
          [
            78.45104,
            24.86644
          ],
          [
            78.43134,
            24.77375
          ],
          [
            78.41,
            24.68
          ],
          [
            78.38202,
            24.61625
          ],
          [
            78.35674,
            24.54967
          ],
          [
            78.3256,
            24.49245
          ],
          [
            78.285,
            24.421
          ],
          [
            78.2644,
            24.36679
          ],
          [
            78.23043,
            24.30033
          ],
          [
            78.20645,
            24.23375
          ],
          [
            78.18,
            24.17
          ],
          [
            78.13681,
            24.08694
          ],
          [
            78.09174,
            24.00434
          ],
          [
            78.04679,
            23.92446
          ],
          [
            78.001,
            23.85
          ],
          [
            77.94505,
            23.76815
          ],
          [
            77.90816,
            23.69141
          ],
          [
            77.85395,
            23.60847
          ],
          [
            77.81,
            23.53
          ],
          [
            77.7565,
            23.49241
          ],
          [
            77.71348,
            23.45682
          ],
          [
            77.66467,
            23.42132
          ],
          [
            77.6153,
            23.39495
          ],
          [
            77.56162,
            23.36488
          ],
          [
            77.51195,
            23.32884
          ],
          [
            77.45921,
            23.2929
          ],
          [
            77.4126,
            23.2599
          ]
        ]
      },
      "properties": {
        "osm_id": "142",
        "name": "Jhansi - Lalitpur - Bina - Vidisha - Bhopal Trunk Line",
        "ref": "WCR-BPL-42",
        "operator": "West Central Railway",
        "railway": "rail",
        "gauge": "1676 mm",
        "electrified": "contact_line",
        "tracks": "3",
        "usage": "main",
        "service": "passenger",
        "maxspeed": "120 km/h",
        "is_major": true
      }
    },
    {
      "type": "Feature",
      "id": "osm-rail-143",
      "geometry": {
        "type": "LineString",
        "coordinates": [
          [
            77.4126,
            23.2599
          ],
          [
            77.37332,
            23.23915
          ],
          [
            77.33369,
            23.21851
          ],
          [
            77.28603,
            23.19255
          ],
          [
            77.2483,
            23.18795
          ],
          [
            77.21027,
            23.16551
          ],
          [
            77.16456,
            23.13715
          ],
          [
            77.12387,
            23.12305
          ],
          [
            77.08,
            23.1
          ],
          [
            77.02306,
            23.11097
          ],
          [
            76.95293,
            23.12076
          ],
          [
            76.89815,
            23.14304
          ],
          [
            76.83,
            23.146
          ],
          [
            76.77815,
            23.15326
          ],
          [
            76.71293,
            23.17783
          ],
          [
            76.65694,
            23.18367
          ],
          [
            76.6,
            23.2
          ],
          [
            76.49444,
            23.19548
          ],
          [
            76.39359,
            23.18826
          ],
          [
            76.29804,
            23.19429
          ],
          [
            76.186,
            23.175
          ],
          [
            76.07826,
            23.18495
          ],
          [
            75.98641,
            23.17891
          ],
          [
            75.8825,
            23.17452
          ],
          [
            75.78,
            23.17
          ]
        ]
      },
      "properties": {
        "osm_id": "143",
        "name": "Bhopal - Sehore - Shujalpur - Ujjain Line",
        "ref": "WR-UJN-43",
        "operator": "Western Railway",
        "railway": "rail",
        "gauge": "1676 mm",
        "electrified": "contact_line",
        "tracks": "2",
        "usage": "main",
        "service": "passenger",
        "maxspeed": "120 km/h",
        "is_major": true
      }
    },
    {
      "type": "Feature",
      "id": "osm-rail-144",
      "geometry": {
        "type": "LineString",
        "coordinates": [
          [
            75.78,
            23.17
          ],
          [
            75.81806,
            23.14145
          ],
          [
            75.85283,
            23.12174
          ],
          [
            75.89239,
            23.09679
          ],
          [
            75.91,
            23.071
          ],
          [
            75.9587,
            23.04245
          ],
          [
            75.98717,
            23.00684
          ],
          [
            76.0227,
            22.98778
          ],
          [
            76.06,
            22.96
          ],
          [
            76.03777,
            22.92918
          ],
          [
            76.00377,
            22.89566
          ],
          [
            75.97859,
            22.86431
          ],
          [
            75.96485,
            22.8318
          ],
          [
            75.93356,
            22.80605
          ],
          [
            75.90545,
            22.77829
          ],
          [
            75.88299,
            22.75195
          ],
          [
            75.8577,
            22.7196
          ]
        ]
      },
      "properties": {
        "osm_id": "144",
        "name": "Ujjain - Dewas - Indore Junction Line",
        "ref": "WR-INDB-44",
        "operator": "Western Railway",
        "railway": "rail",
        "gauge": "1676 mm",
        "electrified": "contact_line",
        "tracks": "2",
        "usage": "main",
        "service": "passenger",
        "maxspeed": "120 km/h",
        "is_major": true
      }
    },
    {
      "type": "Feature",
      "id": "osm-rail-145",
      "geometry": {
        "type": "LineString",
        "coordinates": [
          [
            78.18,
            24.17
          ],
          [
            78.07431,
            24.22694
          ],
          [
            77.96674,
            24.28434
          ],
          [
            77.85929,
            24.34446
          ],
          [
            77.751,
            24.41
          ],
          [
            77.63255,
            24.46815
          ],
          [
            77.53316,
            24.53141
          ],
          [
            77.41645,
            24.58847
          ],
          [
            77.31,
            24.65
          ],
          [
            77.12465,
            24.71702
          ],
          [
            76.93658,
            24.78533
          ],
          [
            76.74885,
            24.84875
          ],
          [
            76.57565,
            24.919
          ],
          [
            76.38706,
            24.97755
          ],
          [
            76.20247,
            25.04891
          ],
          [
            76.01789,
            25.11528
          ],
          [
            75.8333,
            25.18
          ]
        ]
      },
      "properties": {
        "osm_id": "145",
        "name": "Bina - Guna - Ruthiyai - Kota Line",
        "ref": "WCR-GUNA-45",
        "operator": "West Central Railway",
        "railway": "rail",
        "gauge": "1676 mm",
        "electrified": "contact_line",
        "tracks": "1",
        "usage": "main",
        "service": "passenger",
        "maxspeed": "120 km/h",
        "is_major": true
      }
    },
    {
      "type": "Feature",
      "id": "osm-rail-146",
      "geometry": {
        "type": "LineString",
        "coordinates": [
          [
            77.4126,
            23.2599
          ],
          [
            77.45332,
            23.1954
          ],
          [
            77.49369,
            23.13101
          ],
          [
            77.52603,
            23.0613
          ],
          [
            77.5683,
            23.01295
          ],
          [
            77.61027,
            22.94676
          ],
          [
            77.64456,
            22.87465
          ],
          [
            77.68387,
            22.8168
          ],
          [
            77.72,
            22.75
          ],
          [
            77.72827,
            22.73202
          ],
          [
            77.74066,
            22.71391
          ],
          [
            77.7425,
            22.68821
          ],
          [
            77.752,
            22.669
          ],
          [
            77.7612,
            22.66364
          ],
          [
            77.76217,
            22.63891
          ],
          [
            77.7725,
            22.61569
          ],
          [
            77.78,
            22.6
          ]
        ]
      },
      "properties": {
        "osm_id": "146",
        "name": "Bhopal - Hoshangabad - Itarsi Junction Trunk",
        "ref": "WCR-ET-46",
        "operator": "West Central Railway",
        "railway": "rail",
        "gauge": "1676 mm",
        "electrified": "contact_line",
        "tracks": "3",
        "usage": "main",
        "service": "passenger",
        "maxspeed": "120 km/h",
        "is_major": true
      }
    },
    {
      "type": "Feature",
      "id": "osm-rail-147",
      "geometry": {
        "type": "LineString",
        "coordinates": [
          [
            77.78,
            22.6
          ],
          [
            77.69577,
            22.56625
          ],
          [
            77.60293,
            22.53391
          ],
          [
            77.5287,
            22.50614
          ],
          [
            77.438,
            22.467
          ],
          [
            77.36054,
            22.43125
          ],
          [
            77.27566,
            22.39609
          ],
          [
            77.185,
            22.36452
          ],
          [
            77.1,
            22.33
          ],
          [
            77.00548,
            22.26444
          ],
          [
            76.9125,
            22.205
          ],
          [
            76.8206,
            22.14989
          ],
          [
            76.715,
            22.086
          ],
          [
            76.62755,
            22.0212
          ],
          [
            76.5375,
            21.95217
          ],
          [
            76.44452,
            21.89403
          ],
          [
            76.35,
            21.83
          ],
          [
            76.27798,
            21.73202
          ],
          [
            76.21174,
            21.63109
          ],
          [
            76.12701,
            21.5356
          ],
          [
            76.067,
            21.429
          ],
          [
            75.98636,
            21.32886
          ],
          [
            75.92391,
            21.23043
          ],
          [
            75.84895,
            21.13645
          ],
          [
            75.78,
            21.04
          ]
        ]
      },
      "properties": {
        "osm_id": "147",
        "name": "Itarsi - Harda - Khandwa - Bhusaval Trunk Line",
        "ref": "CR-BSL-47",
        "operator": "Central Railway",
        "railway": "rail",
        "gauge": "1676 mm",
        "electrified": "contact_line",
        "tracks": "2",
        "usage": "main",
        "service": "passenger",
        "maxspeed": "120 km/h",
        "is_major": true
      }
    },
    {
      "type": "Feature",
      "id": "osm-rail-148",
      "geometry": {
        "type": "LineString",
        "coordinates": [
          [
            77.78,
            22.6
          ],
          [
            77.85202,
            22.62
          ],
          [
            77.91543,
            22.64141
          ],
          [
            77.99745,
            22.66739
          ],
          [
            78.063,
            22.682
          ],
          [
            78.14179,
            22.7
          ],
          [
            78.21316,
            22.71859
          ],
          [
            78.27875,
            22.74077
          ],
          [
            78.35,
            22.76
          ],
          [
            78.45681,
            22.78605
          ],
          [
            78.56174,
            22.80326
          ],
          [
            78.66125,
            22.83679
          ],
          [
            78.755,
            22.847
          ],
          [
            78.85951,
            22.88245
          ],
          [
            78.96543,
            22.89543
          ],
          [
            79.07778,
            22.92855
          ],
          [
            79.18,
            22.95
          ],
          [
            79.27548,
            22.97395
          ],
          [
            79.37109,
            22.99543
          ],
          [
            79.46136,
            23.01951
          ],
          [
            79.573,
            23.057
          ],
          [
            79.6631,
            23.07201
          ],
          [
            79.75326,
            23.11316
          ],
          [
            79.85069,
            23.13452
          ],
          [
            79.95,
            23.16
          ]
        ]
      },
      "properties": {
        "osm_id": "148",
        "name": "Itarsi - Pipariya - Narsinghpur - Jabalpur Line",
        "ref": "WCR-JBP-48",
        "operator": "West Central Railway",
        "railway": "rail",
        "gauge": "1676 mm",
        "electrified": "contact_line",
        "tracks": "2",
        "usage": "main",
        "service": "passenger",
        "maxspeed": "120 km/h",
        "is_major": true
      }
    },
    {
      "type": "Feature",
      "id": "osm-rail-149",
      "geometry": {
        "type": "LineString",
        "coordinates": [
          [
            79.95,
            23.16
          ],
          [
            80.00472,
            23.24145
          ],
          [
            80.05826,
            23.3275
          ],
          [
            80.11321,
            23.40571
          ],
          [
            80.165,
            23.501
          ],
          [
            80.22755,
            23.57136
          ],
          [
            80.28184,
            23.65543
          ],
          [
            80.34145,
            23.74395
          ],
          [
            80.4,
            23.83
          ],
          [
            80.45145,
            23.91827
          ],
          [
            80.5075,
            24.005
          ],
          [
            80.5631,
            24.0962
          ],
          [
            80.607,
            24.182
          ],
          [
            80.67614,
            24.2638
          ],
          [
            80.71826,
            24.35076
          ],
          [
            80.77548,
            24.44097
          ],
          [
            80.83,
            24.53
          ],
          [
            80.86194,
            24.59452
          ],
          [
            80.89576,
            24.65609
          ],
          [
            80.94054,
            24.7231
          ],
          [
            80.962,
            24.781
          ],
          [
            81.01054,
            24.8506
          ],
          [
            81.04,
            24.91533
          ],
          [
            81.07347,
            24.97395
          ],
          [
            81.11,
            25.04
          ],
          [
            81.19974,
            25.08948
          ],
          [
            81.287,
            25.13612
          ],
          [
            81.38796,
            25.18288
          ],
          [
            81.48215,
            25.2379
          ],
          [
            81.57019,
            25.28922
          ],
          [
            81.65657,
            25.33261
          ],
          [
            81.75273,
            25.38556
          ],
          [
            81.8463,
            25.4358
          ]
        ]
      },
      "properties": {
        "osm_id": "149",
        "name": "Jabalpur - Katni - Satna - Manikpur - Prayagraj Line",
        "ref": "WCR-STA-49",
        "operator": "West Central / North Central Railway",
        "railway": "rail",
        "gauge": "1676 mm",
        "electrified": "contact_line",
        "tracks": "2",
        "usage": "main",
        "service": "passenger",
        "maxspeed": "120 km/h",
        "is_major": true
      }
    },
    {
      "type": "Feature",
      "id": "osm-rail-150",
      "geometry": {
        "type": "LineString",
        "coordinates": [
          [
            80.4,
            23.83
          ],
          [
            80.45145,
            23.79202
          ],
          [
            80.5075,
            23.7525
          ],
          [
            80.5631,
            23.71745
          ],
          [
            80.607,
            23.677
          ],
          [
            80.67614,
            23.63255
          ],
          [
            80.71826,
            23.59326
          ],
          [
            80.77548,
            23.55722
          ],
          [
            80.83,
            23.52
          ],
          [
            80.89194,
            23.48972
          ],
          [
            80.95576,
            23.46533
          ],
          [
            81.03054,
            23.42821
          ],
          [
            81.082,
            23.409
          ],
          [
            81.16054,
            23.36701
          ],
          [
            81.22,
            23.35316
          ],
          [
            81.28347,
            23.31722
          ],
          [
            81.35,
            23.29
          ],
          [
            81.39173,
            23.26931
          ],
          [
            81.42934,
            23.23967
          ],
          [
            81.4738,
            23.22614
          ],
          [
            81.528,
            23.195
          ],
          [
            81.56065,
            23.1694
          ],
          [
            81.61066,
            23.14043
          ],
          [
            81.6498,
            23.12681
          ],
          [
            81.69,
            23.1
          ],
          [
            81.7498,
            22.97097
          ],
          [
            81.80924,
            22.84076
          ],
          [
            81.86989,
            22.72304
          ],
          [
            81.922,
            22.586
          ],
          [
            81.9812,
            22.45326
          ],
          [
            82.02793,
            22.33783
          ],
          [
            82.0902,
            22.20367
          ],
          [
            82.15,
            22.08
          ]
        ]
      },
      "properties": {
        "osm_id": "150",
        "name": "Katni - Umaria - Shahdol - Anuppur - Bilaspur Line",
        "ref": "SECR-BSP-50",
        "operator": "South East Central Railway",
        "railway": "rail",
        "gauge": "1676 mm",
        "electrified": "contact_line",
        "tracks": "2",
        "usage": "main",
        "service": "passenger",
        "maxspeed": "120 km/h",
        "is_major": true
      }
    },
    {
      "type": "Feature",
      "id": "osm-rail-151",
      "geometry": {
        "type": "LineString",
        "coordinates": [
          [
            75.78,
            21.04
          ],
          [
            75.75556,
            21.03653
          ],
          [
            75.72783,
            21.03424
          ],
          [
            75.70489,
            21.025
          ],
          [
            75.66,
            21.016
          ],
          [
            75.6462,
            21.02054
          ],
          [
            75.61217,
            21.00293
          ],
          [
            75.5852,
            21.00347
          ],
          [
            75.56,
            21.0
          ],
          [
            75.41798,
            20.90702
          ],
          [
            75.28316,
            20.80543
          ],
          [
            75.12701,
            20.71505
          ],
          [
            74.999,
            20.631
          ],
          [
            74.84821,
            20.53495
          ],
          [
            74.70684,
            20.43184
          ],
          [
            74.56819,
            20.34375
          ],
          [
            74.43,
            20.25
          ],
          [
            74.34722,
            20.22056
          ],
          [
            74.27316,
            20.18076
          ],
          [
            74.19364,
            20.14326
          ],
          [
            74.099,
            20.116
          ],
          [
            74.0219,
            20.0912
          ],
          [
            73.94533,
            20.05359
          ],
          [
            73.86431,
            20.02327
          ],
          [
            73.78,
            19.99
          ],
          [
            73.69952,
            19.89242
          ],
          [
            73.62174,
            19.80533
          ],
          [
            73.53255,
            19.70321
          ],
          [
            73.457,
            19.623
          ],
          [
            73.36821,
            19.51755
          ],
          [
            73.29533,
            19.43174
          ],
          [
            73.21431,
            19.33145
          ],
          [
            73.13,
            19.24
          ],
          [
            73.09169,
            19.20327
          ],
          [
            73.06211,
            19.15934
          ],
          [
            73.01598,
            19.11826
          ],
          [
            72.9789,
            19.092
          ],
          [
            72.93689,
            19.0525
          ],
          [
            72.91359,
            19.01217
          ],
          [
            72.87104,
            18.97827
          ],
          [
            72.8358,
            18.94
          ]
        ]
      },
      "properties": {
        "osm_id": "151",
        "name": "Bhusaval - Jalgaon - Manmad - Nashik Road - Kalyan - Mumbai CSMT",
        "ref": "CR-CSMT-51",
        "operator": "Central Railway",
        "railway": "rail",
        "gauge": "1676 mm",
        "electrified": "contact_line",
        "tracks": "4",
        "usage": "main",
        "service": "passenger",
        "maxspeed": "120 km/h",
        "is_major": true
      }
    },
    {
      "type": "Feature",
      "id": "osm-rail-152",
      "geometry": {
        "type": "LineString",
        "coordinates": [
          [
            75.78,
            21.04
          ],
          [
            75.83556,
            21.02153
          ],
          [
            75.88783,
            21.00424
          ],
          [
            75.94489,
            20.98
          ],
          [
            75.98,
            20.956
          ],
          [
            76.0462,
            20.94554
          ],
          [
            76.09217,
            20.91293
          ],
          [
            76.1452,
            20.89847
          ],
          [
            76.2,
            20.88
          ],
          [
            76.2977,
            20.85444
          ],
          [
            76.39576,
            20.83641
          ],
          [
            76.50554,
            20.81065
          ],
          [
            76.592,
            20.78
          ],
          [
            76.7037,
            20.77304
          ],
          [
            76.79859,
            20.745
          ],
          [
            76.9023,
            20.71867
          ],
          [
            77.0,
            20.7
          ],
          [
            77.09298,
            20.72569
          ],
          [
            77.18609,
            20.75609
          ],
          [
            77.28864,
            20.78255
          ],
          [
            77.373,
            20.815
          ],
          [
            77.46136,
            20.85114
          ],
          [
            77.56533,
            20.87109
          ],
          [
            77.65702,
            20.90431
          ],
          [
            77.75,
            20.93
          ],
          [
            77.85242,
            20.90855
          ],
          [
            77.96816,
            20.88391
          ],
          [
            78.06136,
            20.85136
          ],
          [
            78.171,
            20.841
          ],
          [
            78.27201,
            20.81495
          ],
          [
            78.39033,
            20.78609
          ],
          [
            78.49222,
            20.76605
          ],
          [
            78.6,
            20.74
          ],
          [
            78.65949,
            20.79226
          ],
          [
            78.72346,
            20.83721
          ],
          [
            78.78307,
            20.89957
          ],
          [
            78.8481,
            20.9329
          ],
          [
            78.90697,
            20.98623
          ],
          [
            78.96898,
            21.04435
          ],
          [
            79.02488,
            21.09661
          ],
          [
            79.0882,
            21.1458
          ]
        ]
      },
      "properties": {
        "osm_id": "152",
        "name": "Bhusaval - Malkapur - Akola - Murtizapur - Badnera - Wardha - Nagpur Line",
        "ref": "CR-NGP-52",
        "operator": "Central Railway",
        "railway": "rail",
        "gauge": "1676 mm",
        "electrified": "contact_line",
        "tracks": "2",
        "usage": "main",
        "service": "passenger",
        "maxspeed": "120 km/h",
        "is_major": true
      }
    },
    {
      "type": "Feature",
      "id": "osm-rail-153",
      "geometry": {
        "type": "LineString",
        "coordinates": [
          [
            79.0882,
            21.1458
          ],
          [
            79.15996,
            21.14729
          ],
          [
            79.22865,
            21.15468
          ],
          [
            79.30627,
            21.14933
          ],
          [
            79.3751,
            21.1619
          ],
          [
            79.44487,
            21.15908
          ],
          [
            79.51238,
            21.16678
          ],
          [
            79.58054,
            21.16621
          ],
          [
            79.65,
            21.17
          ],
          [
            79.71569,
            21.2027
          ],
          [
            79.78467,
            21.24141
          ],
          [
            79.85995,
            21.26946
          ],
          [
            79.929,
            21.318
          ],
          [
            79.99929,
            21.34685
          ],
          [
            80.05543,
            21.37717
          ],
          [
            80.12742,
            21.41347
          ],
          [
            80.2,
            21.45
          ],
          [
            80.30069,
            21.40242
          ],
          [
            80.41033,
            21.35684
          ],
          [
            80.50571,
            21.3169
          ],
          [
            80.615,
            21.277
          ],
          [
            80.72429,
            21.2294
          ],
          [
            80.81543,
            21.19033
          ],
          [
            80.92778,
            21.13992
          ],
          [
            81.03,
            21.1
          ],
          [
            81.05742,
            21.10972
          ],
          [
            81.09109,
            21.11967
          ],
          [
            81.11821,
            21.12821
          ],
          [
            81.163,
            21.143
          ],
          [
            81.19364,
            21.15995
          ],
          [
            81.21184,
            21.16609
          ],
          [
            81.24645,
            21.17569
          ],
          [
            81.28,
            21.19
          ],
          [
            81.32452,
            21.20056
          ],
          [
            81.37174,
            21.20783
          ],
          [
            81.41125,
            21.21804
          ],
          [
            81.463,
            21.214
          ],
          [
            81.4969,
            21.22011
          ],
          [
            81.53967,
            21.22793
          ],
          [
            81.58625,
            21.24327
          ],
          [
            81.63,
            21.25
          ],
          [
            81.6927,
            21.34992
          ],
          [
            81.75717,
            21.46033
          ],
          [
            81.82685,
            21.55201
          ],
          [
            81.898,
            21.671
          ],
          [
            81.955,
            21.77245
          ],
          [
            82.01434,
            21.86967
          ],
          [
            82.08423,
            21.97395
          ],
          [
            82.15,
            22.08
          ]
        ]
      },
      "properties": {
        "osm_id": "153",
        "name": "Nagpur - Bhandara - Gondia - Rajnandgaon - Durg - Raipur - Bilaspur Line",
        "ref": "SECR-R-53",
        "operator": "South East Central Railway",
        "railway": "rail",
        "gauge": "1676 mm",
        "electrified": "contact_line",
        "tracks": "3",
        "usage": "main",
        "service": "passenger",
        "maxspeed": "120 km/h",
        "is_major": true
      }
    },
    {
      "type": "Feature",
      "id": "osm-rail-154",
      "geometry": {
        "type": "LineString",
        "coordinates": [
          [
            82.15,
            22.08
          ],
          [
            82.2148,
            22.07347
          ],
          [
            82.27076,
            22.06717
          ],
          [
            82.33196,
            22.06315
          ],
          [
            82.398,
            22.062
          ],
          [
            82.45326,
            22.055
          ],
          [
            82.52359,
            22.04293
          ],
          [
            82.58597,
            22.04806
          ],
          [
            82.65,
            22.04
          ],
          [
            82.6623,
            22.07722
          ],
          [
            82.66434,
            22.11891
          ],
          [
            82.68,
            22.14701
          ],
          [
            82.688,
            22.203
          ],
          [
            82.7037,
            22.22821
          ],
          [
            82.70434,
            22.26684
          ],
          [
            82.72,
            22.30895
          ],
          [
            82.73,
            22.35
          ]
        ]
      },
      "properties": {
        "osm_id": "154",
        "name": "Bilaspur - Champa - Korba Coal Line",
        "ref": "SECR-KRBA-54",
        "operator": "South East Central Railway",
        "railway": "rail",
        "gauge": "1676 mm",
        "electrified": "contact_line",
        "tracks": "2",
        "usage": "branch",
        "service": "passenger",
        "maxspeed": "120 km/h",
        "is_major": true
      }
    },
    {
      "type": "Feature",
      "id": "osm-rail-155",
      "geometry": {
        "type": "LineString",
        "coordinates": [
          [
            81.63,
            21.25
          ],
          [
            81.68395,
            21.22867
          ],
          [
            81.73967,
            21.21783
          ],
          [
            81.8006,
            21.18826
          ],
          [
            81.863,
            21.186
          ],
          [
            81.91125,
            21.1662
          ],
          [
            81.96184,
            21.14217
          ],
          [
            82.02298,
            21.1252
          ],
          [
            82.08,
            21.11
          ],
          [
            82.21556,
            21.00645
          ],
          [
            82.34217,
            20.90467
          ],
          [
            82.48304,
            20.79701
          ],
          [
            82.61,
            20.709
          ],
          [
            82.73326,
            20.59821
          ],
          [
            82.875,
            20.50816
          ],
          [
            83.00827,
            20.39819
          ],
          [
            83.14,
            20.3
          ],
          [
            83.17681,
            20.15444
          ],
          [
            83.20184,
            20.01641
          ],
          [
            83.2394,
            19.8762
          ],
          [
            83.271,
            19.738
          ],
          [
            83.31429,
            19.57826
          ],
          [
            83.34391,
            19.44076
          ],
          [
            83.37548,
            19.30097
          ],
          [
            83.41,
            19.16
          ],
          [
            83.38912,
            18.97279
          ],
          [
            83.36495,
            18.79029
          ],
          [
            83.33449,
            18.61125
          ],
          [
            83.30825,
            18.4154
          ],
          [
            83.29586,
            18.24664
          ],
          [
            83.26072,
            18.05369
          ],
          [
            83.2432,
            17.87095
          ],
          [
            83.2185,
            17.6868
          ]
        ]
      },
      "properties": {
        "osm_id": "155",
        "name": "Raipur - Mahasamund - Titilagarh - Rayagada - Visakhapatnam Main Line",
        "ref": "ECoR-VSKP-55",
        "operator": "East Coast Railway",
        "railway": "rail",
        "gauge": "1676 mm",
        "electrified": "contact_line",
        "tracks": "2",
        "usage": "main",
        "service": "passenger",
        "maxspeed": "120 km/h",
        "is_major": true
      }
    },
    {
      "type": "Feature",
      "id": "osm-rail-156",
      "geometry": {
        "type": "LineString",
        "coordinates": [
          [
            83.12,
            25.28
          ],
          [
            83.22673,
            25.31653
          ],
          [
            83.33359,
            25.35
          ],
          [
            83.44065,
            25.38315
          ],
          [
            83.55,
            25.412
          ],
          [
            83.66304,
            25.45315
          ],
          [
            83.75793,
            25.48434
          ],
          [
            83.86867,
            25.52347
          ],
          [
            83.98,
            25.56
          ],
          [
            84.065,
            25.55847
          ],
          [
            84.14717,
            25.55576
          ],
          [
            84.22761,
            25.5637
          ],
          [
            84.328,
            25.562
          ],
          [
            84.39761,
            25.56554
          ],
          [
            84.48859,
            25.56
          ],
          [
            84.57347,
            25.55694
          ],
          [
            84.66,
            25.56
          ],
          [
            84.70827,
            25.56597
          ],
          [
            84.74934,
            25.57076
          ],
          [
            84.8062,
            25.5862
          ],
          [
            84.858,
            25.592
          ],
          [
            84.8975,
            25.60304
          ],
          [
            84.94217,
            25.605
          ],
          [
            84.98867,
            25.60944
          ],
          [
            85.04,
            25.62
          ],
          [
            85.0522,
            25.61676
          ],
          [
            85.06581,
            25.60787
          ],
          [
            85.07475,
            25.6029
          ],
          [
            85.0928,
            25.61505
          ],
          [
            85.10654,
            25.60196
          ],
          [
            85.10613,
            25.59633
          ],
          [
            85.12463,
            25.59428
          ],
          [
            85.1376,
            25.5941
          ]
        ]
      },
      "properties": {
        "osm_id": "156",
        "name": "Pt. Deen Dayal Upadhyaya - Buxar - Ara - Danapur - Patna Main Line",
        "ref": "ECR-PNBE-56",
        "operator": "East Central Railway",
        "railway": "rail",
        "gauge": "1676 mm",
        "electrified": "contact_line",
        "tracks": "3",
        "usage": "main",
        "service": "passenger",
        "maxspeed": "120 km/h",
        "is_major": true
      }
    },
    {
      "type": "Feature",
      "id": "osm-rail-157",
      "geometry": {
        "type": "LineString",
        "coordinates": [
          [
            85.1376,
            25.5941
          ],
          [
            85.1854,
            25.57762
          ],
          [
            85.23744,
            25.55383
          ],
          [
            85.28839,
            25.53821
          ],
          [
            85.3328,
            25.51405
          ],
          [
            85.3766,
            25.50034
          ],
          [
            85.41733,
            25.49168
          ],
          [
            85.46914,
            25.46954
          ],
          [
            85.52,
            25.45
          ],
          [
            85.5673,
            25.44577
          ],
          [
            85.60576,
            25.43434
          ],
          [
            85.65685,
            25.42576
          ],
          [
            85.704,
            25.426
          ],
          [
            85.73576,
            25.43239
          ],
          [
            85.78434,
            25.42141
          ],
          [
            85.83423,
            25.4173
          ],
          [
            85.88,
            25.41
          ],
          [
            85.9202,
            25.38194
          ],
          [
            85.96076,
            25.35717
          ],
          [
            86.0075,
            25.335
          ],
          [
            86.058,
            25.304
          ],
          [
            86.0925,
            25.27761
          ],
          [
            86.12793,
            25.26
          ],
          [
            86.17673,
            25.235
          ],
          [
            86.22,
            25.21
          ],
          [
            86.27681,
            25.12375
          ],
          [
            86.3275,
            25.03184
          ],
          [
            86.38864,
            24.95125
          ],
          [
            86.439,
            24.859
          ],
          [
            86.49429,
            24.78245
          ],
          [
            86.54533,
            24.69533
          ],
          [
            86.59625,
            24.60702
          ],
          [
            86.65,
            24.52
          ],
          [
            86.68819,
            24.41235
          ],
          [
            86.73109,
            24.30941
          ],
          [
            86.76636,
            24.20993
          ],
          [
            86.811,
            24.10565
          ],
          [
            86.85625,
            23.99337
          ],
          [
            86.8975,
            23.8953
          ],
          [
            86.93952,
            23.78942
          ],
          [
            86.98,
            23.6833
          ]
        ]
      },
      "properties": {
        "osm_id": "157",
        "name": "Patna - Bakhtiyarpur - Mokama - Kiul - Jasidih - Asansol Line",
        "ref": "ER-ASN-57",
        "operator": "Eastern Railway",
        "railway": "rail",
        "gauge": "1676 mm",
        "electrified": "contact_line",
        "tracks": "2",
        "usage": "main",
        "service": "passenger",
        "maxspeed": "120 km/h",
        "is_major": true
      }
    },
    {
      "type": "Feature",
      "id": "osm-rail-158",
      "geometry": {
        "type": "LineString",
        "coordinates": [
          [
            85.1376,
            25.5941
          ],
          [
            85.1454,
            25.60637
          ],
          [
            85.15744,
            25.61133
          ],
          [
            85.16839,
            25.62446
          ],
          [
            85.1728,
            25.62905
          ],
          [
            85.1766,
            25.64409
          ],
          [
            85.17733,
            25.66418
          ],
          [
            85.18914,
            25.67079
          ],
          [
            85.2,
            25.68
          ],
          [
            85.22173,
            25.735
          ],
          [
            85.24641,
            25.78576
          ],
          [
            85.27489,
            25.84685
          ],
          [
            85.298,
            25.902
          ],
          [
            85.31065,
            25.94761
          ],
          [
            85.32934,
            26.00434
          ],
          [
            85.35597,
            26.06423
          ],
          [
            85.38,
            26.12
          ],
          [
            85.4277,
            26.08597
          ],
          [
            85.47293,
            26.05641
          ],
          [
            85.53185,
            26.02435
          ],
          [
            85.578,
            25.984
          ],
          [
            85.62815,
            25.95935
          ],
          [
            85.67293,
            25.92076
          ],
          [
            85.73153,
            25.8948
          ],
          [
            85.78,
            25.86
          ],
          [
            85.79347,
            25.89778
          ],
          [
            85.80859,
            25.93533
          ],
          [
            85.8213,
            25.95951
          ],
          [
            85.838,
            26.013
          ],
          [
            85.85315,
            26.03571
          ],
          [
            85.86434,
            26.07891
          ],
          [
            85.88577,
            26.10992
          ],
          [
            85.9,
            26.15
          ]
        ]
      },
      "properties": {
        "osm_id": "158",
        "name": "Patna - Hajipur - Muzaffarpur - Samastipur - Darbhanga Line",
        "ref": "ECR-DBG-58",
        "operator": "East Central Railway",
        "railway": "rail",
        "gauge": "1676 mm",
        "electrified": "contact_line",
        "tracks": "2",
        "usage": "main",
        "service": "passenger",
        "maxspeed": "120 km/h",
        "is_major": true
      }
    },
    {
      "type": "Feature",
      "id": "osm-rail-159",
      "geometry": {
        "type": "LineString",
        "coordinates": [
          [
            85.78,
            25.86
          ],
          [
            85.80597,
            25.80653
          ],
          [
            85.83359,
            25.75283
          ],
          [
            85.8588,
            25.68576
          ],
          [
            85.888,
            25.648
          ],
          [
            85.91565,
            25.57946
          ],
          [
            85.93934,
            25.53141
          ],
          [
            85.97327,
            25.47117
          ],
          [
            86.0,
            25.42
          ],
          [
            86.01319,
            25.41847
          ],
          [
            86.03533,
            25.41717
          ],
          [
            86.04321,
            25.42
          ],
          [
            86.067,
            25.428
          ],
          [
            86.0831,
            25.42
          ],
          [
            86.09467,
            25.42283
          ],
          [
            86.11452,
            25.41923
          ],
          [
            86.13,
            25.42
          ],
          [
            86.16992,
            25.42847
          ],
          [
            86.21609,
            25.43717
          ],
          [
            86.25386,
            25.45
          ],
          [
            86.299,
            25.468
          ],
          [
            86.35429,
            25.47
          ],
          [
            86.39109,
            25.48283
          ],
          [
            86.43931,
            25.48923
          ],
          [
            86.48,
            25.5
          ],
          [
            86.6175,
            25.5027
          ],
          [
            86.755,
            25.51566
          ],
          [
            86.88326,
            25.51315
          ],
          [
            87.032,
            25.514
          ],
          [
            87.16935,
            25.5213
          ],
          [
            87.30076,
            25.53141
          ],
          [
            87.4402,
            25.53653
          ],
          [
            87.58,
            25.54
          ]
        ]
      },
      "properties": {
        "osm_id": "159",
        "name": "Samastipur - Barauni - Begusarai - Khagaria - Katihar Line",
        "ref": "ECR-KIR-59",
        "operator": "East Central Railway",
        "railway": "rail",
        "gauge": "1676 mm",
        "electrified": "contact_line",
        "tracks": "2",
        "usage": "main",
        "service": "passenger",
        "maxspeed": "120 km/h",
        "is_major": true
      }
    },
    {
      "type": "Feature",
      "id": "osm-rail-160",
      "geometry": {
        "type": "LineString",
        "coordinates": [
          [
            87.58,
            25.54
          ],
          [
            87.62472,
            25.60395
          ],
          [
            87.67816,
            25.67816
          ],
          [
            87.7169,
            25.74245
          ],
          [
            87.755,
            25.803
          ],
          [
            87.8131,
            25.86755
          ],
          [
            87.8575,
            25.9375
          ],
          [
            87.89992,
            26.00605
          ],
          [
            87.95,
            26.07
          ],
          [
            88.0077,
            26.15077
          ],
          [
            88.06434,
            26.22717
          ],
          [
            88.13,
            26.31185
          ],
          [
            88.18,
            26.398
          ],
          [
            88.25,
            26.47
          ],
          [
            88.31424,
            26.54717
          ],
          [
            88.37,
            26.63153
          ],
          [
            88.43,
            26.71
          ]
        ]
      },
      "properties": {
        "osm_id": "160",
        "name": "Katihar - Kishanganj - New Jalpaiguri Main Line",
        "ref": "NFR-NJP-60",
        "operator": "Northeast Frontier Railway",
        "railway": "rail",
        "gauge": "1676 mm",
        "electrified": "contact_line",
        "tracks": "2",
        "usage": "main",
        "service": "passenger",
        "maxspeed": "120 km/h",
        "is_major": true
      }
    },
    {
      "type": "Feature",
      "id": "osm-rail-161",
      "geometry": {
        "type": "LineString",
        "coordinates": [
          [
            83.12,
            25.28
          ],
          [
            83.23298,
            25.24028
          ],
          [
            83.34609,
            25.1975
          ],
          [
            83.4594,
            25.1544
          ],
          [
            83.575,
            25.107
          ],
          [
            83.69429,
            25.0719
          ],
          [
            83.79543,
            25.02684
          ],
          [
            83.91242,
            24.98972
          ],
          [
            84.03,
            24.95
          ],
          [
            84.14798,
            24.93181
          ],
          [
            84.26043,
            24.91033
          ],
          [
            84.3844,
            24.88625
          ],
          [
            84.503,
            24.861
          ],
          [
            84.61636,
            24.83636
          ],
          [
            84.73826,
            24.82391
          ],
          [
            84.86202,
            24.80048
          ],
          [
            84.98,
            24.78
          ],
          [
            85.06056,
            24.74355
          ],
          [
            85.14066,
            24.70533
          ],
          [
            85.21989,
            24.65636
          ],
          [
            85.298,
            24.629
          ],
          [
            85.3638,
            24.5881
          ],
          [
            85.44924,
            24.54184
          ],
          [
            85.5202,
            24.50875
          ],
          [
            85.6,
            24.47
          ],
          [
            85.70528,
            24.38423
          ],
          [
            85.81316,
            24.29434
          ],
          [
            85.90201,
            24.21315
          ],
          [
            86.017,
            24.126
          ],
          [
            86.11321,
            24.04315
          ],
          [
            86.21967,
            23.96424
          ],
          [
            86.32472,
            23.875
          ],
          [
            86.43,
            23.79
          ]
        ]
      },
      "properties": {
        "osm_id": "161",
        "name": "Pt. Deen Dayal Upadhyaya - Sasaram - Gaya - Koderma - Dhanbad Grand Chord",
        "ref": "ECR-DHN-61",
        "operator": "East Central Railway",
        "railway": "rail",
        "gauge": "1676 mm",
        "electrified": "contact_line",
        "tracks": "3",
        "usage": "main",
        "service": "passenger",
        "maxspeed": "120 km/h",
        "is_major": true
      }
    },
    {
      "type": "Feature",
      "id": "osm-rail-162",
      "geometry": {
        "type": "LineString",
        "coordinates": [
          [
            86.43,
            23.79
          ],
          [
            86.49645,
            23.7759
          ],
          [
            86.56326,
            23.76898
          ],
          [
            86.62886,
            23.74075
          ],
          [
            86.701,
            23.72665
          ],
          [
            86.7756,
            23.7307
          ],
          [
            86.83967,
            23.71139
          ],
          [
            86.90972,
            23.69587
          ],
          [
            86.98,
            23.6833
          ],
          [
            87.02,
            23.66268
          ],
          [
            87.06566,
            23.63606
          ],
          [
            87.10185,
            23.62011
          ],
          [
            87.136,
            23.58165
          ],
          [
            87.18185,
            23.56689
          ],
          [
            87.21434,
            23.55007
          ],
          [
            87.25617,
            23.52291
          ],
          [
            87.3,
            23.5
          ],
          [
            87.37306,
            23.46855
          ],
          [
            87.43576,
            23.43391
          ],
          [
            87.51554,
            23.3969
          ],
          [
            87.58,
            23.371
          ],
          [
            87.65739,
            23.33864
          ],
          [
            87.72566,
            23.29184
          ],
          [
            87.79306,
            23.26145
          ],
          [
            87.86,
            23.23
          ],
          [
            87.92299,
            23.14629
          ],
          [
            87.98032,
            23.06989
          ],
          [
            88.05451,
            22.98902
          ],
          [
            88.10795,
            22.9093
          ],
          [
            88.1657,
            22.82652
          ],
          [
            88.24075,
            22.73129
          ],
          [
            88.29862,
            22.65478
          ],
          [
            88.3639,
            22.5726
          ]
        ]
      },
      "properties": {
        "osm_id": "162",
        "name": "Dhanbad - Asansol - Durgapur - Barddhaman - Howrah Trunk",
        "ref": "ER-HWH-62",
        "operator": "Eastern Railway",
        "railway": "rail",
        "gauge": "1676 mm",
        "electrified": "contact_line",
        "tracks": "4",
        "usage": "main",
        "service": "passenger",
        "maxspeed": "120 km/h",
        "is_major": true
      }
    },
    {
      "type": "Feature",
      "id": "osm-rail-163",
      "geometry": {
        "type": "LineString",
        "coordinates": [
          [
            86.43,
            23.79
          ],
          [
            86.37145,
            23.77173
          ],
          [
            86.31326,
            23.76066
          ],
          [
            86.25386,
            23.72826
          ],
          [
            86.201,
            23.71
          ],
          [
            86.1506,
            23.70989
          ],
          [
            86.08967,
            23.68641
          ],
          [
            86.03472,
            23.66673
          ],
          [
            85.98,
            23.65
          ],
          [
            85.96528,
            23.6127
          ],
          [
            85.94184,
            23.58566
          ],
          [
            85.93125,
            23.55239
          ],
          [
            85.911,
            23.508
          ],
          [
            85.90614,
            23.47685
          ],
          [
            85.87684,
            23.44566
          ],
          [
            85.86931,
            23.405
          ],
          [
            85.85,
            23.37
          ],
          [
            85.7827,
            23.3652
          ],
          [
            85.72566,
            23.36359
          ],
          [
            85.65315,
            23.36989
          ],
          [
            85.594,
            23.364
          ],
          [
            85.52685,
            23.35011
          ],
          [
            85.46566,
            23.34793
          ],
          [
            85.3973,
            23.35327
          ],
          [
            85.33,
            23.35
          ]
        ]
      },
      "properties": {
        "osm_id": "163",
        "name": "Dhanbad - Bokaro Steel City - Muri - Ranchi Line",
        "ref": "SER-RNC-63",
        "operator": "South Eastern Railway",
        "railway": "rail",
        "gauge": "1676 mm",
        "electrified": "contact_line",
        "tracks": "2",
        "usage": "main",
        "service": "passenger",
        "maxspeed": "120 km/h",
        "is_major": true
      }
    },
    {
      "type": "Feature",
      "id": "osm-rail-164",
      "geometry": {
        "type": "LineString",
        "coordinates": [
          [
            85.33,
            23.35
          ],
          [
            85.29181,
            23.28048
          ],
          [
            85.24326,
            23.21109
          ],
          [
            85.20995,
            23.13636
          ],
          [
            85.163,
            23.081
          ],
          [
            85.13114,
            23.00995
          ],
          [
            85.08816,
            22.9375
          ],
          [
            85.03895,
            22.87028
          ],
          [
            85.0,
            22.8
          ],
          [
            84.97972,
            22.72492
          ],
          [
            84.96391,
            22.65609
          ],
          [
            84.9456,
            22.58625
          ],
          [
            84.923,
            22.515
          ],
          [
            84.91364,
            22.43451
          ],
          [
            84.89174,
            22.37109
          ],
          [
            84.87181,
            22.29895
          ],
          [
            84.85,
            22.23
          ]
        ]
      },
      "properties": {
        "osm_id": "164",
        "name": "Ranchi - Hatia - Rourkela Line",
        "ref": "SER-ROU-64",
        "operator": "South Eastern Railway",
        "railway": "rail",
        "gauge": "1676 mm",
        "electrified": "contact_line",
        "tracks": "2",
        "usage": "main",
        "service": "passenger",
        "maxspeed": "120 km/h",
        "is_major": true
      }
    },
    {
      "type": "Feature",
      "id": "osm-rail-165",
      "geometry": {
        "type": "LineString",
        "coordinates": [
          [
            84.85,
            22.23
          ],
          [
            84.74347,
            22.17944
          ],
          [
            84.64,
            22.13641
          ],
          [
            84.52761,
            22.0875
          ],
          [
            84.436,
            22.03
          ],
          [
            84.325,
            21.9925
          ],
          [
            84.22141,
            21.94924
          ],
          [
            84.11653,
            21.89827
          ],
          [
            84.01,
            21.85
          ],
          [
            83.93452,
            21.85625
          ],
          [
            83.86174,
            21.86391
          ],
          [
            83.77755,
            21.8669
          ],
          [
            83.695,
            21.869
          ],
          [
            83.6306,
            21.87571
          ],
          [
            83.54543,
            21.88043
          ],
          [
            83.47548,
            21.89375
          ],
          [
            83.4,
            21.9
          ],
          [
            83.23992,
            21.92327
          ],
          [
            83.08043,
            21.94641
          ],
          [
            82.93125,
            21.96935
          ],
          [
            82.783,
            21.982
          ],
          [
            82.60951,
            22.00326
          ],
          [
            82.46674,
            22.035
          ],
          [
            82.30242,
            22.0575
          ],
          [
            82.15,
            22.08
          ]
        ]
      },
      "properties": {
        "osm_id": "165",
        "name": "Rourkela - Jharsuguda - Raigarh - Bilaspur Line",
        "ref": "SECR-JSG-65",
        "operator": "South East Central Railway",
        "railway": "rail",
        "gauge": "1676 mm",
        "electrified": "contact_line",
        "tracks": "3",
        "usage": "main",
        "service": "passenger",
        "maxspeed": "120 km/h",
        "is_major": true
      }
    },
    {
      "type": "Feature",
      "id": "osm-rail-166",
      "geometry": {
        "type": "LineString",
        "coordinates": [
          [
            88.3639,
            22.5726
          ],
          [
            88.23647,
            22.54046
          ],
          [
            88.09585,
            22.51304
          ],
          [
            87.96505,
            22.48353
          ],
          [
            87.83595,
            22.4563
          ],
          [
            87.70961,
            22.42168
          ],
          [
            87.58097,
            22.40098
          ],
          [
            87.44972,
            22.37137
          ],
          [
            87.32,
            22.34
          ],
          [
            87.32181,
            22.34972
          ],
          [
            87.31891,
            22.36391
          ],
          [
            87.31625,
            22.37375
          ],
          [
            87.313,
            22.387
          ],
          [
            87.30821,
            22.40179
          ],
          [
            87.31674,
            22.41174
          ],
          [
            87.30895,
            22.41798
          ],
          [
            87.31,
            22.43
          ],
          [
            87.23306,
            22.56528
          ],
          [
            87.15283,
            22.70033
          ],
          [
            87.06815,
            22.83679
          ],
          [
            86.994,
            22.971
          ],
          [
            86.90446,
            23.08951
          ],
          [
            86.83424,
            23.22684
          ],
          [
            86.75077,
            23.36472
          ],
          [
            86.67,
            23.5
          ],
          [
            86.63431,
            23.48105
          ],
          [
            86.59674,
            23.45891
          ],
          [
            86.54821,
            23.4344
          ],
          [
            86.505,
            23.421
          ],
          [
            86.48364,
            23.40114
          ],
          [
            86.4375,
            23.36684
          ],
          [
            86.39492,
            23.34895
          ],
          [
            86.36,
            23.33
          ]
        ]
      },
      "properties": {
        "osm_id": "166",
        "name": "Howrah - Kharagpur - Midnapore - Adra - Purulia Line",
        "ref": "SER-ADRA-66",
        "operator": "South Eastern Railway",
        "railway": "rail",
        "gauge": "1676 mm",
        "electrified": "contact_line",
        "tracks": "2",
        "usage": "main",
        "service": "passenger",
        "maxspeed": "120 km/h",
        "is_major": true
      }
    },
    {
      "type": "Feature",
      "id": "osm-rail-167",
      "geometry": {
        "type": "LineString",
        "coordinates": [
          [
            87.32,
            22.34
          ],
          [
            87.27306,
            22.23222
          ],
          [
            87.22141,
            22.12891
          ],
          [
            87.17,
            22.02125
          ],
          [
            87.118,
            21.917
          ],
          [
            87.06446,
            21.81429
          ],
          [
            87.02424,
            21.70674
          ],
          [
            86.9677,
            21.59548
          ],
          [
            86.92,
            21.49
          ],
          [
            86.86952,
            21.43423
          ],
          [
            86.81467,
            21.37859
          ],
          [
            86.77364,
            21.3213
          ],
          [
            86.715,
            21.268
          ],
          [
            86.66745,
            21.20761
          ],
          [
            86.61533,
            21.15859
          ],
          [
            86.55895,
            21.1027
          ],
          [
            86.51,
            21.05
          ],
          [
            86.43202,
            20.97702
          ],
          [
            86.34826,
            20.89543
          ],
          [
            86.27005,
            20.82875
          ],
          [
            86.193,
            20.747
          ],
          [
            86.11625,
            20.6794
          ],
          [
            86.03326,
            20.60891
          ],
          [
            85.95875,
            20.53605
          ],
          [
            85.88,
            20.46
          ],
          [
            85.87077,
            20.43875
          ],
          [
            85.86188,
            20.42468
          ],
          [
            85.85919,
            20.39669
          ],
          [
            85.86025,
            20.38605
          ],
          [
            85.84531,
            20.36495
          ],
          [
            85.8313,
            20.33283
          ],
          [
            85.83067,
            20.31353
          ],
          [
            85.8245,
            20.2961
          ]
        ]
      },
      "properties": {
        "osm_id": "167",
        "name": "Kharagpur - Balasore - Bhadrak - Cuttack - Bhubaneswar Line",
        "ref": "SER-BBS-67",
        "operator": "South Eastern / East Coast Railway",
        "railway": "rail",
        "gauge": "1676 mm",
        "electrified": "contact_line",
        "tracks": "2",
        "usage": "main",
        "service": "passenger",
        "maxspeed": "120 km/h",
        "is_major": true
      }
    },
    {
      "type": "Feature",
      "id": "osm-rail-168",
      "geometry": {
        "type": "LineString",
        "coordinates": [
          [
            85.8245,
            20.2961
          ],
          [
            85.79817,
            20.28312
          ],
          [
            85.77196,
            20.26142
          ],
          [
            85.74042,
            20.25811
          ],
          [
            85.71825,
            20.23405
          ],
          [
            85.70038,
            20.22169
          ],
          [
            85.67395,
            20.20195
          ],
          [
            85.64174,
            20.19528
          ],
          [
            85.62,
            20.18
          ],
          [
            85.5198,
            20.06819
          ],
          [
            85.41359,
            19.96816
          ],
          [
            85.31065,
            19.84821
          ],
          [
            85.204,
            19.741
          ],
          [
            85.10196,
            19.6344
          ],
          [
            85.00783,
            19.53316
          ],
          [
            84.90327,
            19.42181
          ],
          [
            84.8,
            19.31
          ],
          [
            84.68903,
            19.18528
          ],
          [
            84.57924,
            19.05467
          ],
          [
            84.45511,
            18.92201
          ],
          [
            84.35,
            18.805
          ],
          [
            84.2338,
            18.68429
          ],
          [
            84.13066,
            18.54543
          ],
          [
            84.01097,
            18.42931
          ],
          [
            83.9,
            18.3
          ],
          [
            83.81558,
            18.22029
          ],
          [
            83.72962,
            18.14246
          ],
          [
            83.6352,
            18.06266
          ],
          [
            83.56125,
            17.9834
          ],
          [
            83.47591,
            17.90751
          ],
          [
            83.38746,
            17.83586
          ],
          [
            83.30445,
            17.76268
          ],
          [
            83.2185,
            17.6868
          ]
        ]
      },
      "properties": {
        "osm_id": "168",
        "name": "Bhubaneswar - Khurda Road - Brahmapur - Srikakulam - Visakhapatnam Line",
        "ref": "ECoR-VSKP-68",
        "operator": "East Coast Railway",
        "railway": "rail",
        "gauge": "1676 mm",
        "electrified": "contact_line",
        "tracks": "2",
        "usage": "main",
        "service": "passenger",
        "maxspeed": "120 km/h",
        "is_major": true
      }
    },
    {
      "type": "Feature",
      "id": "osm-rail-169",
      "geometry": {
        "type": "LineString",
        "coordinates": [
          [
            85.8245,
            20.2961
          ],
          [
            85.79567,
            20.36562
          ],
          [
            85.76696,
            20.42642
          ],
          [
            85.73292,
            20.50561
          ],
          [
            85.70825,
            20.56405
          ],
          [
            85.68788,
            20.63419
          ],
          [
            85.65895,
            20.69695
          ],
          [
            85.62424,
            20.77278
          ],
          [
            85.6,
            20.84
          ],
          [
            85.39778,
            20.91597
          ],
          [
            85.19816,
            20.995
          ],
          [
            84.97951,
            21.0725
          ],
          [
            84.787,
            21.156
          ],
          [
            84.57571,
            21.22196
          ],
          [
            84.37467,
            21.30359
          ],
          [
            84.17222,
            21.3848
          ],
          [
            83.97,
            21.46
          ]
        ]
      },
      "properties": {
        "osm_id": "169",
        "name": "Bhubaneswar - Dhenkanal - Sambalpur Junction Line",
        "ref": "ECoR-SBP-69",
        "operator": "East Coast Railway",
        "railway": "rail",
        "gauge": "1676 mm",
        "electrified": "contact_line",
        "tracks": "2",
        "usage": "main",
        "service": "passenger",
        "maxspeed": "120 km/h",
        "is_major": true
      }
    },
    {
      "type": "Feature",
      "id": "osm-rail-170",
      "geometry": {
        "type": "LineString",
        "coordinates": [
          [
            88.43,
            26.71
          ],
          [
            88.42923,
            26.70742
          ],
          [
            88.42576,
            26.70543
          ],
          [
            88.4337,
            26.70821
          ],
          [
            88.428,
            26.723
          ],
          [
            88.42446,
            26.72364
          ],
          [
            88.43566,
            26.71609
          ],
          [
            88.42923,
            26.71645
          ],
          [
            88.43,
            26.72
          ],
          [
            88.56673,
            26.69423
          ],
          [
            88.70076,
            26.67424
          ],
          [
            88.8462,
            26.65054
          ],
          [
            88.978,
            26.612
          ],
          [
            89.11196,
            26.58576
          ],
          [
            89.26066,
            26.56576
          ],
          [
            89.39173,
            26.54653
          ],
          [
            89.53,
            26.52
          ],
          [
            89.66028,
            26.51673
          ],
          [
            89.78467,
            26.515
          ],
          [
            89.91995,
            26.51065
          ],
          [
            90.051,
            26.506
          ],
          [
            90.16636,
            26.5038
          ],
          [
            90.30109,
            26.50217
          ],
          [
            90.43125,
            26.50327
          ],
          [
            90.56,
            26.5
          ]
        ]
      },
      "properties": {
        "osm_id": "170",
        "name": "New Jalpaiguri - Siliguri - Alipurduar - New Bongaigaon Line",
        "ref": "NFR-NBQ-70",
        "operator": "Northeast Frontier Railway",
        "railway": "rail",
        "gauge": "1676 mm",
        "electrified": "contact_line",
        "tracks": "2",
        "usage": "main",
        "service": "passenger",
        "maxspeed": "120 km/h",
        "is_major": true
      }
    },
    {
      "type": "Feature",
      "id": "osm-rail-171",
      "geometry": {
        "type": "LineString",
        "coordinates": [
          [
            90.56,
            26.5
          ],
          [
            90.5675,
            26.46077
          ],
          [
            90.56793,
            26.41293
          ],
          [
            90.58804,
            26.38739
          ],
          [
            90.596,
            26.344
          ],
          [
            90.5938,
            26.30185
          ],
          [
            90.59793,
            26.25717
          ],
          [
            90.6148,
            26.22306
          ],
          [
            90.62,
            26.18
          ],
          [
            90.74347,
            26.20819
          ],
          [
            90.86717,
            26.2425
          ],
          [
            90.9987,
            26.27005
          ],
          [
            91.112,
            26.295
          ],
          [
            91.2413,
            26.32886
          ],
          [
            91.37283,
            26.36467
          ],
          [
            91.49577,
            26.39798
          ],
          [
            91.62,
            26.43
          ],
          [
            91.63759,
            26.39508
          ],
          [
            91.64622,
            26.36428
          ],
          [
            91.65618,
            26.31924
          ],
          [
            91.6801,
            26.28725
          ],
          [
            91.69817,
            26.25895
          ],
          [
            91.70432,
            26.22153
          ],
          [
            91.72091,
            26.18019
          ],
          [
            91.7362,
            26.1445
          ]
        ]
      },
      "properties": {
        "osm_id": "171",
        "name": "New Bongaigaon - Goalpara - Rangiya - Guwahati Line",
        "ref": "NFR-GHY-71",
        "operator": "Northeast Frontier Railway",
        "railway": "rail",
        "gauge": "1676 mm",
        "electrified": "contact_line",
        "tracks": "2",
        "usage": "main",
        "service": "passenger",
        "maxspeed": "120 km/h",
        "is_major": true
      }
    },
    {
      "type": "Feature",
      "id": "osm-rail-172",
      "geometry": {
        "type": "LineString",
        "coordinates": [
          [
            91.7362,
            26.1445
          ],
          [
            91.91236,
            26.09672
          ],
          [
            92.09465,
            26.0487
          ],
          [
            92.27757,
            26.00026
          ],
          [
            92.4551,
            25.95125
          ],
          [
            92.63417,
            25.89794
          ],
          [
            92.81721,
            25.84297
          ],
          [
            92.98771,
            25.79549
          ],
          [
            93.17,
            25.75
          ],
          [
            93.23569,
            25.77153
          ],
          [
            93.30609,
            25.79424
          ],
          [
            93.3744,
            25.8063
          ],
          [
            93.445,
            25.82
          ],
          [
            93.50451,
            25.84446
          ],
          [
            93.58816,
            25.86717
          ],
          [
            93.65048,
            25.8877
          ],
          [
            93.72,
            25.91
          ],
          [
            93.92202,
            26.1075
          ],
          [
            94.12391,
            26.30924
          ],
          [
            94.3256,
            26.50065
          ],
          [
            94.529,
            26.708
          ],
          [
            94.72995,
            26.89565
          ],
          [
            94.92609,
            27.09783
          ],
          [
            95.13105,
            27.29097
          ],
          [
            95.33,
            27.49
          ]
        ]
      },
      "properties": {
        "osm_id": "172",
        "name": "Guwahati - Lumding - Dimapur (Nagaland) - Tinsukia Line",
        "ref": "NFR-TSK-72",
        "operator": "Northeast Frontier Railway",
        "railway": "rail",
        "gauge": "1676 mm",
        "electrified": "contact_line",
        "tracks": "2",
        "usage": "main",
        "service": "passenger",
        "maxspeed": "120 km/h",
        "is_major": true
      }
    },
    {
      "type": "Feature",
      "id": "osm-rail-173",
      "geometry": {
        "type": "LineString",
        "coordinates": [
          [
            93.17,
            25.75
          ],
          [
            93.09319,
            25.64528
          ],
          [
            93.02109,
            25.54174
          ],
          [
            92.9469,
            25.42755
          ],
          [
            92.875,
            25.315
          ],
          [
            92.79201,
            25.21321
          ],
          [
            92.73316,
            25.10967
          ],
          [
            92.65298,
            25.00395
          ],
          [
            92.58,
            24.9
          ],
          [
            92.60194,
            24.89306
          ],
          [
            92.63141,
            24.88141
          ],
          [
            92.655,
            24.86446
          ],
          [
            92.68,
            24.858
          ],
          [
            92.705,
            24.85739
          ],
          [
            92.72293,
            24.84283
          ],
          [
            92.755,
            24.83077
          ],
          [
            92.78,
            24.82
          ],
          [
            92.58867,
            24.69931
          ],
          [
            92.39793,
            24.57816
          ],
          [
            92.21935,
            24.4469
          ],
          [
            92.03,
            24.325
          ],
          [
            91.83511,
            24.19386
          ],
          [
            91.66066,
            24.07891
          ],
          [
            91.46367,
            23.95528
          ],
          [
            91.28,
            23.83
          ]
        ]
      },
      "properties": {
        "osm_id": "173",
        "name": "Lumding - Badarpur - Silchar - Agartala (Tripura) Line",
        "ref": "NFR-AGTL-73",
        "operator": "Northeast Frontier Railway",
        "railway": "rail",
        "gauge": "1676 mm",
        "electrified": "partially",
        "tracks": "1",
        "usage": "main",
        "service": "passenger",
        "maxspeed": "120 km/h",
        "is_major": true
      }
    },
    {
      "type": "Feature",
      "id": "osm-rail-174",
      "geometry": {
        "type": "LineString",
        "coordinates": [
          [
            91.62,
            26.43
          ],
          [
            91.88681,
            26.50452
          ],
          [
            92.14467,
            26.58316
          ],
          [
            92.40386,
            26.64755
          ],
          [
            92.677,
            26.725
          ],
          [
            92.94429,
            26.80614
          ],
          [
            93.19967,
            26.87816
          ],
          [
            93.46548,
            26.94625
          ],
          [
            93.73,
            27.02
          ],
          [
            93.72375,
            27.03153
          ],
          [
            93.71326,
            27.03293
          ],
          [
            93.71125,
            27.05739
          ],
          [
            93.705,
            27.058
          ],
          [
            93.70245,
            27.07554
          ],
          [
            93.68967,
            27.07717
          ],
          [
            93.68702,
            27.09306
          ],
          [
            93.68,
            27.1
          ]
        ]
      },
      "properties": {
        "osm_id": "174",
        "name": "Rangiya - Harmuti - Naharlagun (Arunachal Pradesh) Line",
        "ref": "NFR-NHLN-74",
        "operator": "Northeast Frontier Railway",
        "railway": "rail",
        "gauge": "1676 mm",
        "electrified": "contact_line",
        "tracks": "1",
        "usage": "branch",
        "service": "passenger",
        "maxspeed": "120 km/h",
        "is_major": true
      }
    },
    {
      "type": "Feature",
      "id": "osm-rail-175",
      "geometry": {
        "type": "LineString",
        "coordinates": [
          [
            95.33,
            27.49
          ],
          [
            95.2798,
            27.48827
          ],
          [
            95.21793,
            27.48076
          ],
          [
            95.1762,
            27.47696
          ],
          [
            95.118,
            27.486
          ],
          [
            95.06935,
            27.48304
          ],
          [
            95.01217,
            27.47641
          ],
          [
            94.96173,
            27.4702
          ],
          [
            94.91,
            27.47
          ],
          [
            95.0148,
            27.44722
          ],
          [
            95.11783,
            27.43316
          ],
          [
            95.21011,
            27.41364
          ],
          [
            95.328,
            27.389
          ],
          [
            95.41511,
            27.35821
          ],
          [
            95.51793,
            27.33543
          ],
          [
            95.6275,
            27.32202
          ],
          [
            95.73,
            27.3
          ]
        ]
      },
      "properties": {
        "osm_id": "175",
        "name": "Tinsukia - Dibrugarh - Ledo Line",
        "ref": "NFR-LEDO-75",
        "operator": "Northeast Frontier Railway",
        "railway": "rail",
        "gauge": "1676 mm",
        "electrified": "contact_line",
        "tracks": "1",
        "usage": "branch",
        "service": "passenger",
        "maxspeed": "120 km/h",
        "is_major": true
      }
    },
    {
      "type": "Feature",
      "id": "osm-rail-176",
      "geometry": {
        "type": "LineString",
        "coordinates": [
          [
            83.2185,
            17.6868
          ],
          [
            83.07111,
            17.60873
          ],
          [
            82.93279,
            17.53043
          ],
          [
            82.7952,
            17.44246
          ],
          [
            82.63425,
            17.3624
          ],
          [
            82.49145,
            17.2851
          ],
          [
            82.3543,
            17.20354
          ],
          [
            82.21127,
            17.12577
          ],
          [
            82.07,
            17.05
          ],
          [
            82.03605,
            17.04298
          ],
          [
            81.9975,
            17.03467
          ],
          [
            81.95571,
            17.0294
          ],
          [
            81.923,
            17.017
          ],
          [
            81.8906,
            17.02614
          ],
          [
            81.85816,
            17.01109
          ],
          [
            81.81931,
            17.00242
          ],
          [
            81.78,
            17.0
          ],
          [
            81.69806,
            16.96452
          ],
          [
            81.61424,
            16.92891
          ],
          [
            81.525,
            16.89495
          ],
          [
            81.43,
            16.851
          ],
          [
            81.34946,
            16.81505
          ],
          [
            81.27,
            16.77826
          ],
          [
            81.18423,
            16.74778
          ],
          [
            81.1,
            16.71
          ],
          [
            81.04197,
            16.68299
          ],
          [
            80.98559,
            16.65764
          ],
          [
            80.9305,
            16.64097
          ],
          [
            80.872,
            16.6041
          ],
          [
            80.81935,
            16.57339
          ],
          [
            80.761,
            16.55149
          ],
          [
            80.70756,
            16.52938
          ],
          [
            80.648,
            16.5062
          ]
        ]
      },
      "properties": {
        "osm_id": "176",
        "name": "Visakhapatnam - Samalkot - Rajahmundry - Eluru - Vijayawada Trunk",
        "ref": "SCR-BZA-76",
        "operator": "South Central Railway",
        "railway": "rail",
        "gauge": "1676 mm",
        "electrified": "contact_line",
        "tracks": "2",
        "usage": "main",
        "service": "passenger",
        "maxspeed": "120 km/h",
        "is_major": true
      }
    },
    {
      "type": "Feature",
      "id": "osm-rail-177",
      "geometry": {
        "type": "LineString",
        "coordinates": [
          [
            80.648,
            16.5062
          ],
          [
            80.64394,
            16.4691
          ],
          [
            80.63893,
            16.43541
          ],
          [
            80.65054,
            16.41007
          ],
          [
            80.646,
            16.3791
          ],
          [
            80.64854,
            16.34537
          ],
          [
            80.64483,
            16.29948
          ],
          [
            80.64023,
            16.26945
          ],
          [
            80.64,
            16.24
          ],
          [
            80.56548,
            16.1498
          ],
          [
            80.49816,
            16.04793
          ],
          [
            80.41136,
            15.95696
          ],
          [
            80.339,
            15.86
          ],
          [
            80.27125,
            15.7812
          ],
          [
            80.20174,
            15.67793
          ],
          [
            80.12452,
            15.5902
          ],
          [
            80.05,
            15.5
          ],
          [
            80.04202,
            15.36903
          ],
          [
            80.02967,
            15.23924
          ],
          [
            80.02929,
            15.10989
          ],
          [
            80.011,
            14.968
          ],
          [
            79.99701,
            14.83196
          ],
          [
            79.99467,
            14.69793
          ],
          [
            79.98569,
            14.5702
          ],
          [
            79.98,
            14.44
          ],
          [
            79.96681,
            14.40097
          ],
          [
            79.94043,
            14.36924
          ],
          [
            79.92201,
            14.3275
          ],
          [
            79.907,
            14.294
          ],
          [
            79.89321,
            14.24511
          ],
          [
            79.87826,
            14.21783
          ],
          [
            79.86778,
            14.1798
          ],
          [
            79.85,
            14.14
          ],
          [
            79.90259,
            14.00784
          ],
          [
            79.958,
            13.8785
          ],
          [
            80.00407,
            13.73427
          ],
          [
            80.06635,
            13.60535
          ],
          [
            80.11109,
            13.47919
          ],
          [
            80.16411,
            13.34137
          ],
          [
            80.21811,
            13.21333
          ],
          [
            80.2707,
            13.0827
          ]
        ]
      },
      "properties": {
        "osm_id": "177",
        "name": "Vijayawada - Tenali - Ongole - Nellore - Gudur - Chennai Central",
        "ref": "SR-MAS-77",
        "operator": "Southern Railway",
        "railway": "rail",
        "gauge": "1676 mm",
        "electrified": "contact_line",
        "tracks": "2",
        "usage": "main",
        "service": "passenger",
        "maxspeed": "120 km/h",
        "is_major": true
      }
    },
    {
      "type": "Feature",
      "id": "osm-rail-178",
      "geometry": {
        "type": "LineString",
        "coordinates": [
          [
            80.648,
            16.5062
          ],
          [
            80.58269,
            16.59535
          ],
          [
            80.51643,
            16.68791
          ],
          [
            80.46679,
            16.78882
          ],
          [
            80.401,
            16.8841
          ],
          [
            80.34229,
            16.97662
          ],
          [
            80.27733,
            17.05698
          ],
          [
            80.21148,
            17.1532
          ],
          [
            80.15,
            17.25
          ],
          [
            80.08431,
            17.3423
          ],
          [
            80.01391,
            17.43141
          ],
          [
            79.9419,
            17.52739
          ],
          [
            79.865,
            17.604
          ],
          [
            79.8044,
            17.69261
          ],
          [
            79.73609,
            17.78576
          ],
          [
            79.66875,
            17.88306
          ],
          [
            79.6,
            17.97
          ],
          [
            79.46569,
            17.90194
          ],
          [
            79.33043,
            17.84424
          ],
          [
            79.21364,
            17.77315
          ],
          [
            79.073,
            17.718
          ],
          [
            78.94929,
            17.64315
          ],
          [
            78.81533,
            17.58283
          ],
          [
            78.67895,
            17.5127
          ],
          [
            78.55,
            17.45
          ]
        ]
      },
      "properties": {
        "osm_id": "178",
        "name": "Vijayawada - Khammam - Warangal - Kazipet - Secunderabad (Hyderabad)",
        "ref": "SCR-SC-78",
        "operator": "South Central Railway",
        "railway": "rail",
        "gauge": "1676 mm",
        "electrified": "contact_line",
        "tracks": "3",
        "usage": "main",
        "service": "passenger",
        "maxspeed": "120 km/h",
        "is_major": true
      }
    },
    {
      "type": "Feature",
      "id": "osm-rail-179",
      "geometry": {
        "type": "LineString",
        "coordinates": [
          [
            78.55,
            17.45
          ],
          [
            78.46569,
            17.43117
          ],
          [
            78.38326,
            17.41859
          ],
          [
            78.29886,
            17.39946
          ],
          [
            78.219,
            17.396
          ],
          [
            78.13451,
            17.36576
          ],
          [
            78.06816,
            17.35859
          ],
          [
            77.98431,
            17.34194
          ],
          [
            77.9,
            17.33
          ],
          [
            77.7827,
            17.29577
          ],
          [
            77.66859,
            17.26141
          ],
          [
            77.55315,
            17.225
          ],
          [
            77.448,
            17.194
          ],
          [
            77.31761,
            17.16054
          ],
          [
            77.20859,
            17.11859
          ],
          [
            77.09194,
            17.08577
          ],
          [
            76.98,
            17.05
          ]
        ]
      },
      "properties": {
        "osm_id": "179",
        "name": "Secunderabad - Vikarabad - Tandur - Wadi Junction Line",
        "ref": "SCR-WADI-79",
        "operator": "South Central Railway",
        "railway": "rail",
        "gauge": "1676 mm",
        "electrified": "contact_line",
        "tracks": "2",
        "usage": "main",
        "service": "passenger",
        "maxspeed": "120 km/h",
        "is_major": true
      }
    },
    {
      "type": "Feature",
      "id": "osm-rail-180",
      "geometry": {
        "type": "LineString",
        "coordinates": [
          [
            78.55,
            17.45
          ],
          [
            78.49069,
            17.59867
          ],
          [
            78.43326,
            17.75359
          ],
          [
            78.37386,
            17.90196
          ],
          [
            78.319,
            18.066
          ],
          [
            78.25951,
            18.20326
          ],
          [
            78.21816,
            18.36359
          ],
          [
            78.15931,
            18.51444
          ],
          [
            78.1,
            18.67
          ],
          [
            77.9977,
            18.73077
          ],
          [
            77.90566,
            18.79141
          ],
          [
            77.7963,
            18.84261
          ],
          [
            77.702,
            18.906
          ],
          [
            77.6,
            18.97554
          ],
          [
            77.50424,
            19.02293
          ],
          [
            77.39694,
            19.08617
          ],
          [
            77.3,
            19.15
          ],
          [
            77.23423,
            19.1673
          ],
          [
            77.17141,
            19.17859
          ],
          [
            77.105,
            19.18761
          ],
          [
            77.034,
            19.214
          ],
          [
            76.9713,
            19.23239
          ],
          [
            76.90293,
            19.24
          ],
          [
            76.84194,
            19.25653
          ],
          [
            76.78,
            19.27
          ],
          [
            76.59923,
            19.34855
          ],
          [
            76.42,
            19.41826
          ],
          [
            76.23446,
            19.50245
          ],
          [
            76.062,
            19.573
          ],
          [
            75.87261,
            19.65495
          ],
          [
            75.69576,
            19.7275
          ],
          [
            75.51923,
            19.80298
          ],
          [
            75.34,
            19.88
          ],
          [
            75.22472,
            19.92548
          ],
          [
            75.11674,
            19.96967
          ],
          [
            74.99321,
            20.01321
          ],
          [
            74.887,
            20.061
          ],
          [
            74.76755,
            20.11679
          ],
          [
            74.65326,
            20.1575
          ],
          [
            74.54145,
            20.19992
          ],
          [
            74.43,
            20.25
          ]
        ]
      },
      "properties": {
        "osm_id": "180",
        "name": "Secunderabad - Nizamabad - Nanded - Parbhani - Aurangabad - Manmad",
        "ref": "SCR-MMR-80",
        "operator": "South Central Railway",
        "railway": "rail",
        "gauge": "1676 mm",
        "electrified": "contact_line",
        "tracks": "1",
        "usage": "main",
        "service": "passenger",
        "maxspeed": "120 km/h",
        "is_major": true
      }
    },
    {
      "type": "Feature",
      "id": "osm-rail-181",
      "geometry": {
        "type": "LineString",
        "coordinates": [
          [
            78.55,
            17.45
          ],
          [
            78.47819,
            17.35617
          ],
          [
            78.40826,
            17.26859
          ],
          [
            78.33636,
            17.17446
          ],
          [
            78.269,
            17.096
          ],
          [
            78.19701,
            16.99076
          ],
          [
            78.14316,
            16.90859
          ],
          [
            78.07181,
            16.81694
          ],
          [
            78.0,
            16.73
          ],
          [
            78.00681,
            16.62056
          ],
          [
            78.0075,
            16.49793
          ],
          [
            78.01864,
            16.38696
          ],
          [
            78.021,
            16.276
          ],
          [
            78.0169,
            16.16011
          ],
          [
            78.02674,
            16.06066
          ],
          [
            78.02242,
            15.94327
          ],
          [
            78.03,
            15.83
          ],
          [
            78.01125,
            15.77319
          ],
          [
            77.98543,
            15.72816
          ],
          [
            77.96451,
            15.65951
          ],
          [
            77.959,
            15.611
          ],
          [
            77.94179,
            15.56125
          ],
          [
            77.9175,
            15.50609
          ],
          [
            77.90181,
            15.45069
          ],
          [
            77.88,
            15.4
          ],
          [
            77.81367,
            15.37202
          ],
          [
            77.755,
            15.3425
          ],
          [
            77.69989,
            15.30636
          ],
          [
            77.622,
            15.285
          ],
          [
            77.57489,
            15.2544
          ],
          [
            77.51066,
            15.22326
          ],
          [
            77.4448,
            15.19492
          ],
          [
            77.38,
            15.17
          ]
        ]
      },
      "properties": {
        "osm_id": "181",
        "name": "Secunderabad - Mahbubnagar - Kurnool City - Dhone - Guntakal Line",
        "ref": "SCR-GTL-81",
        "operator": "South Central Railway",
        "railway": "rail",
        "gauge": "1676 mm",
        "electrified": "contact_line",
        "tracks": "2",
        "usage": "main",
        "service": "passenger",
        "maxspeed": "120 km/h",
        "is_major": true
      }
    },
    {
      "type": "Feature",
      "id": "osm-rail-182",
      "geometry": {
        "type": "LineString",
        "coordinates": [
          [
            77.38,
            15.17
          ],
          [
            77.40444,
            15.11181
          ],
          [
            77.42934,
            15.04609
          ],
          [
            77.45696,
            14.99179
          ],
          [
            77.484,
            14.933
          ],
          [
            77.52489,
            14.8656
          ],
          [
            77.54783,
            14.8025
          ],
          [
            77.57097,
            14.73972
          ],
          [
            77.6,
            14.68
          ],
          [
            77.60153,
            14.60847
          ],
          [
            77.59576,
            14.53293
          ],
          [
            77.59446,
            14.47739
          ],
          [
            77.606,
            14.404
          ],
          [
            77.60185,
            14.33185
          ],
          [
            77.60424,
            14.25576
          ],
          [
            77.6023,
            14.18694
          ],
          [
            77.6,
            14.12
          ],
          [
            77.60028,
            13.9948
          ],
          [
            77.59326,
            13.86924
          ],
          [
            77.59071,
            13.7375
          ],
          [
            77.601,
            13.616
          ],
          [
            77.5956,
            13.48065
          ],
          [
            77.59674,
            13.35783
          ],
          [
            77.59355,
            13.22827
          ],
          [
            77.59,
            13.1
          ],
          [
            77.59058,
            13.08395
          ],
          [
            77.59539,
            13.06931
          ],
          [
            77.59912,
            13.05924
          ],
          [
            77.5943,
            13.0358
          ],
          [
            77.59288,
            13.02714
          ],
          [
            77.58638,
            13.00229
          ],
          [
            77.59709,
            12.98765
          ],
          [
            77.5946,
            12.9716
          ]
        ]
      },
      "properties": {
        "osm_id": "182",
        "name": "Guntakal - Anantapur - Dharmavaram - Yelahanka - Bengaluru SBC",
        "ref": "SWR-SBC-82",
        "operator": "South Western Railway",
        "railway": "rail",
        "gauge": "1676 mm",
        "electrified": "contact_line",
        "tracks": "2",
        "usage": "main",
        "service": "passenger",
        "maxspeed": "120 km/h",
        "is_major": true
      }
    },
    {
      "type": "Feature",
      "id": "osm-rail-183",
      "geometry": {
        "type": "LineString",
        "coordinates": [
          [
            77.38,
            15.17
          ],
          [
            77.55694,
            15.08556
          ],
          [
            77.73434,
            14.99359
          ],
          [
            77.91446,
            14.91304
          ],
          [
            78.094,
            14.828
          ],
          [
            78.28739,
            14.73435
          ],
          [
            78.46283,
            14.645
          ],
          [
            78.63847,
            14.55597
          ],
          [
            78.82,
            14.47
          ],
          [
            78.90673,
            14.36681
          ],
          [
            78.99924,
            14.26174
          ],
          [
            79.0788,
            14.14571
          ],
          [
            79.166,
            14.041
          ],
          [
            79.2575,
            13.9369
          ],
          [
            79.34783,
            13.8325
          ],
          [
            79.4348,
            13.72625
          ],
          [
            79.52,
            13.62
          ],
          [
            79.5098,
            13.61819
          ],
          [
            79.48793,
            13.61826
          ],
          [
            79.47696,
            13.61636
          ],
          [
            79.476,
            13.617
          ],
          [
            79.45196,
            13.61886
          ],
          [
            79.44359,
            13.62326
          ],
          [
            79.4302,
            13.62722
          ],
          [
            79.42,
            13.63
          ]
        ]
      },
      "properties": {
        "osm_id": "183",
        "name": "Guntakal - Cuddapah - Renigunta - Tirupati Line",
        "ref": "SCR-TPTY-83",
        "operator": "South Central Railway",
        "railway": "rail",
        "gauge": "1676 mm",
        "electrified": "contact_line",
        "tracks": "2",
        "usage": "main",
        "service": "passenger",
        "maxspeed": "120 km/h",
        "is_major": true
      }
    },
    {
      "type": "Feature",
      "id": "osm-rail-184",
      "geometry": {
        "type": "LineString",
        "coordinates": [
          [
            79.52,
            13.62
          ],
          [
            79.47355,
            13.53569
          ],
          [
            79.41543,
            13.45326
          ],
          [
            79.36821,
            13.36886
          ],
          [
            79.331,
            13.287
          ],
          [
            79.27071,
            13.20636
          ],
          [
            79.22609,
            13.12826
          ],
          [
            79.17645,
            13.04972
          ],
          [
            79.13,
            12.97
          ],
          [
            79.05819,
            12.91722
          ],
          [
            78.99391,
            12.8675
          ],
          [
            78.9219,
            12.81995
          ],
          [
            78.863,
            12.767
          ],
          [
            78.79179,
            12.70821
          ],
          [
            78.72033,
            12.66391
          ],
          [
            78.64645,
            12.60742
          ],
          [
            78.58,
            12.56
          ]
        ]
      },
      "properties": {
        "osm_id": "184",
        "name": "Renigunta - Katpadi - Jolarpettai Junction Line",
        "ref": "SR-JTJ-84",
        "operator": "Southern Railway",
        "railway": "rail",
        "gauge": "1676 mm",
        "electrified": "contact_line",
        "tracks": "2",
        "usage": "main",
        "service": "passenger",
        "maxspeed": "120 km/h",
        "is_major": true
      }
    },
    {
      "type": "Feature",
      "id": "osm-rail-185",
      "geometry": {
        "type": "LineString",
        "coordinates": [
          [
            77.5946,
            12.9716
          ],
          [
            77.60604,
            12.97285
          ],
          [
            77.62161,
            12.97163
          ],
          [
            77.61923,
            12.98779
          ],
          [
            77.6313,
            12.9858
          ],
          [
            77.64243,
            12.98196
          ],
          [
            77.65582,
            12.99714
          ],
          [
            77.67009,
            12.99722
          ],
          [
            77.68,
            13.0
          ],
          [
            77.74097,
            12.99597
          ],
          [
            77.80217,
            12.99783
          ],
          [
            77.86565,
            12.98696
          ],
          [
            77.93,
            12.98
          ],
          [
            77.99435,
            12.98565
          ],
          [
            78.05641,
            12.98217
          ],
          [
            78.1152,
            12.9848
          ],
          [
            78.18,
            12.98
          ],
          [
            78.23306,
            12.92444
          ],
          [
            78.28424,
            12.87359
          ],
          [
            78.33554,
            12.82435
          ],
          [
            78.386,
            12.762
          ],
          [
            78.4263,
            12.71196
          ],
          [
            78.48566,
            12.665
          ],
          [
            78.5277,
            12.61556
          ],
          [
            78.58,
            12.56
          ]
        ]
      },
      "properties": {
        "osm_id": "185",
        "name": "Bengaluru - Krishnarajapuram - Bangarapet - Jolarpettai Line",
        "ref": "SWR-KJM-85",
        "operator": "South Western Railway",
        "railway": "rail",
        "gauge": "1676 mm",
        "electrified": "contact_line",
        "tracks": "2",
        "usage": "main",
        "service": "passenger",
        "maxspeed": "120 km/h",
        "is_major": true
      }
    },
    {
      "type": "Feature",
      "id": "osm-rail-186",
      "geometry": {
        "type": "LineString",
        "coordinates": [
          [
            77.5946,
            12.9716
          ],
          [
            77.50854,
            12.91285
          ],
          [
            77.42661,
            12.85163
          ],
          [
            77.32673,
            12.80779
          ],
          [
            77.2413,
            12.7458
          ],
          [
            77.15493,
            12.68196
          ],
          [
            77.07082,
            12.63714
          ],
          [
            76.98759,
            12.57722
          ],
          [
            76.9,
            12.52
          ],
          [
            76.86952,
            12.4925
          ],
          [
            76.84033,
            12.46783
          ],
          [
            76.79886,
            12.44489
          ],
          [
            76.779,
            12.416
          ],
          [
            76.74745,
            12.38065
          ],
          [
            76.70543,
            12.35783
          ],
          [
            76.68355,
            12.3252
          ],
          [
            76.65,
            12.3
          ]
        ]
      },
      "properties": {
        "osm_id": "186",
        "name": "Bengaluru - Mandya - Mysuru City Main Line",
        "ref": "SWR-MYS-86",
        "operator": "South Western Railway",
        "railway": "rail",
        "gauge": "1676 mm",
        "electrified": "contact_line",
        "tracks": "2",
        "usage": "main",
        "service": "passenger",
        "maxspeed": "120 km/h",
        "is_major": true
      }
    },
    {
      "type": "Feature",
      "id": "osm-rail-187",
      "geometry": {
        "type": "LineString",
        "coordinates": [
          [
            77.5946,
            12.9716
          ],
          [
            77.53354,
            13.01535
          ],
          [
            77.47661,
            13.05663
          ],
          [
            77.40173,
            13.11529
          ],
          [
            77.3413,
            13.1558
          ],
          [
            77.27993,
            13.19446
          ],
          [
            77.22082,
            13.25214
          ],
          [
            77.16259,
            13.29472
          ],
          [
            77.1,
            13.34
          ],
          [
            76.99298,
            13.33702
          ],
          [
            76.8875,
            13.32543
          ],
          [
            76.7831,
            13.32321
          ],
          [
            76.665,
            13.333
          ],
          [
            76.56505,
            13.31571
          ],
          [
            76.4625,
            13.31043
          ],
          [
            76.35702,
            13.30992
          ],
          [
            76.25,
            13.31
          ],
          [
            76.20645,
            13.45145
          ],
          [
            76.16891,
            13.60316
          ],
          [
            76.12071,
            13.7394
          ],
          [
            76.083,
            13.893
          ],
          [
            76.04005,
            14.0306
          ],
          [
            76.00816,
            14.17533
          ],
          [
            75.95895,
            14.31855
          ],
          [
            75.92,
            14.46
          ],
          [
            75.81923,
            14.5702
          ],
          [
            75.71717,
            14.68783
          ],
          [
            75.61815,
            14.80304
          ],
          [
            75.52,
            14.9
          ],
          [
            75.42,
            15.02065
          ],
          [
            75.32424,
            15.13641
          ],
          [
            75.22306,
            15.2452
          ],
          [
            75.12,
            15.36
          ]
        ]
      },
      "properties": {
        "osm_id": "187",
        "name": "Bengaluru - Tumakuru - Arsikere - Davangere - Hubballi Line",
        "ref": "SWR-UBL-87",
        "operator": "South Western Railway",
        "railway": "rail",
        "gauge": "1676 mm",
        "electrified": "contact_line",
        "tracks": "2",
        "usage": "main",
        "service": "passenger",
        "maxspeed": "120 km/h",
        "is_major": true
      }
    },
    {
      "type": "Feature",
      "id": "osm-rail-188",
      "geometry": {
        "type": "LineString",
        "coordinates": [
          [
            75.12,
            15.36
          ],
          [
            75.1027,
            15.37278
          ],
          [
            75.08576,
            15.38816
          ],
          [
            75.06761,
            15.3956
          ],
          [
            75.068,
            15.409
          ],
          [
            75.0487,
            15.41625
          ],
          [
            75.03283,
            15.42467
          ],
          [
            75.01423,
            15.44105
          ],
          [
            75.0,
            15.45
          ],
          [
            74.93903,
            15.50153
          ],
          [
            74.86793,
            15.55566
          ],
          [
            74.8162,
            15.60185
          ],
          [
            74.746,
            15.654
          ],
          [
            74.6838,
            15.69815
          ],
          [
            74.61934,
            15.74293
          ],
          [
            74.56173,
            15.8
          ],
          [
            74.5,
            15.85
          ],
          [
            74.51569,
            15.97355
          ],
          [
            74.54033,
            16.09816
          ],
          [
            74.55995,
            16.20451
          ],
          [
            74.581,
            16.333
          ],
          [
            74.5956,
            16.44886
          ],
          [
            74.61109,
            16.58316
          ],
          [
            74.63125,
            16.69875
          ],
          [
            74.65,
            16.82
          ],
          [
            74.54701,
            17.03332
          ],
          [
            74.44885,
            17.24793
          ],
          [
            74.34882,
            17.4595
          ],
          [
            74.25935,
            17.6602
          ],
          [
            74.15788,
            17.87536
          ],
          [
            74.05927,
            18.09954
          ],
          [
            73.95663,
            18.30555
          ],
          [
            73.8567,
            18.5204
          ]
        ]
      },
      "properties": {
        "osm_id": "188",
        "name": "Hubballi - Dharwad - Belagavi - Miraj - Pune Line",
        "ref": "SWR-PUNE-88",
        "operator": "South Western / Central Railway",
        "railway": "rail",
        "gauge": "1676 mm",
        "electrified": "contact_line",
        "tracks": "2",
        "usage": "main",
        "service": "passenger",
        "maxspeed": "120 km/h",
        "is_major": true
      }
    },
    {
      "type": "Feature",
      "id": "osm-rail-189",
      "geometry": {
        "type": "LineString",
        "coordinates": [
          [
            75.12,
            15.36
          ],
          [
            75.20645,
            15.35028
          ],
          [
            75.29326,
            15.34316
          ],
          [
            75.37886,
            15.3281
          ],
          [
            75.483,
            15.319
          ],
          [
            75.56745,
            15.30375
          ],
          [
            75.65533,
            15.28967
          ],
          [
            75.74048,
            15.28355
          ],
          [
            75.83,
            15.27
          ],
          [
            75.96472,
            15.255
          ],
          [
            76.10109,
            15.23717
          ],
          [
            76.24614,
            15.23239
          ],
          [
            76.367,
            15.216
          ],
          [
            76.50571,
            15.18576
          ],
          [
            76.64326,
            15.18
          ],
          [
            76.78528,
            15.165
          ],
          [
            76.92,
            15.15
          ],
          [
            76.97673,
            15.15556
          ],
          [
            77.04066,
            15.15783
          ],
          [
            77.0925,
            15.14826
          ],
          [
            77.144,
            15.164
          ],
          [
            77.21304,
            15.1588
          ],
          [
            77.26641,
            15.16783
          ],
          [
            77.31944,
            15.16597
          ],
          [
            77.38,
            15.17
          ]
        ]
      },
      "properties": {
        "osm_id": "189",
        "name": "Hubballi - Hosapete - Ballari - Guntakal Line",
        "ref": "SWR-GTL-89",
        "operator": "South Western Railway",
        "railway": "rail",
        "gauge": "1676 mm",
        "electrified": "contact_line",
        "tracks": "2",
        "usage": "main",
        "service": "passenger",
        "maxspeed": "120 km/h",
        "is_major": true
      }
    },
    {
      "type": "Feature",
      "id": "osm-rail-190",
      "geometry": {
        "type": "LineString",
        "coordinates": [
          [
            77.5946,
            12.9716
          ],
          [
            77.40854,
            12.97285
          ],
          [
            77.22661,
            12.97163
          ],
          [
            77.02673,
            12.98779
          ],
          [
            76.8413,
            12.9858
          ],
          [
            76.65493,
            12.98196
          ],
          [
            76.47082,
            12.99714
          ],
          [
            76.28759,
            12.99722
          ],
          [
            76.1,
            13.0
          ],
          [
            76.06077,
            12.99097
          ],
          [
            76.02283,
            12.98783
          ],
          [
            75.98185,
            12.97196
          ],
          [
            75.936,
            12.96
          ],
          [
            75.89446,
            12.96065
          ],
          [
            75.85576,
            12.95217
          ],
          [
            75.82,
            12.9498
          ],
          [
            75.78,
            12.94
          ],
          [
            75.66681,
            12.93125
          ],
          [
            75.55033,
            12.9225
          ],
          [
            75.43864,
            12.9119
          ],
          [
            75.305,
            12.907
          ],
          [
            75.20245,
            12.88886
          ],
          [
            75.07967,
            12.89316
          ],
          [
            74.96395,
            12.87492
          ],
          [
            74.85,
            12.87
          ]
        ]
      },
      "properties": {
        "osm_id": "190",
        "name": "Bengaluru - Hassan - Sakleshpur - Subrahmanya - Mangaluru Line",
        "ref": "SWR-MAQ-90",
        "operator": "South Western Railway",
        "railway": "rail",
        "gauge": "1676 mm",
        "electrified": "contact_line",
        "tracks": "1",
        "usage": "main",
        "service": "passenger",
        "maxspeed": "120 km/h",
        "is_major": true
      }
    },
    {
      "type": "Feature",
      "id": "osm-rail-191",
      "geometry": {
        "type": "LineString",
        "coordinates": [
          [
            80.2707,
            13.0827
          ],
          [
            80.13117,
            13.06785
          ],
          [
            79.98552,
            13.05028
          ],
          [
            79.84479,
            13.03859
          ],
          [
            79.70635,
            13.02235
          ],
          [
            79.56331,
            13.01041
          ],
          [
            79.41942,
            13.001
          ],
          [
            79.26876,
            12.98256
          ],
          [
            79.13,
            12.97
          ],
          [
            79.05819,
            12.91722
          ],
          [
            78.99391,
            12.8675
          ],
          [
            78.9219,
            12.81995
          ],
          [
            78.863,
            12.767
          ],
          [
            78.79179,
            12.70821
          ],
          [
            78.72033,
            12.66391
          ],
          [
            78.64645,
            12.60742
          ],
          [
            78.58,
            12.56
          ],
          [
            78.5273,
            12.44827
          ],
          [
            78.47283,
            12.32793
          ],
          [
            78.40576,
            12.2225
          ],
          [
            78.364,
            12.114
          ],
          [
            78.30315,
            11.99565
          ],
          [
            78.24576,
            11.87934
          ],
          [
            78.19577,
            11.77327
          ],
          [
            78.14,
            11.66
          ],
          [
            78.08903,
            11.61923
          ],
          [
            78.03924,
            11.58
          ],
          [
            77.98804,
            11.5363
          ],
          [
            77.926,
            11.494
          ],
          [
            77.88489,
            11.46739
          ],
          [
            77.82217,
            11.41434
          ],
          [
            77.7748,
            11.37847
          ],
          [
            77.72,
            11.34
          ],
          [
            77.62577,
            11.29875
          ],
          [
            77.53566,
            11.25184
          ],
          [
            77.435,
            11.22364
          ],
          [
            77.342,
            11.167
          ],
          [
            77.2487,
            11.14114
          ],
          [
            77.14717,
            11.08543
          ],
          [
            77.055,
            11.05048
          ],
          [
            76.96,
            11.01
          ]
        ]
      },
      "properties": {
        "osm_id": "191",
        "name": "Chennai Central - Katpadi - Jolarpettai - Salem - Erode - Coimbatore Trunk",
        "ref": "SR-CBE-91",
        "operator": "Southern Railway",
        "railway": "rail",
        "gauge": "1676 mm",
        "electrified": "contact_line",
        "tracks": "2",
        "usage": "main",
        "service": "passenger",
        "maxspeed": "120 km/h",
        "is_major": true
      }
    },
    {
      "type": "Feature",
      "id": "osm-rail-192",
      "geometry": {
        "type": "LineString",
        "coordinates": [
          [
            80.28,
            13.09
          ],
          [
            80.26306,
            13.06952
          ],
          [
            80.24566,
            13.04184
          ],
          [
            80.2163,
            13.0281
          ],
          [
            80.194,
            12.997
          ],
          [
            80.1837,
            12.98005
          ],
          [
            80.16566,
            12.96391
          ],
          [
            80.13694,
            12.94355
          ],
          [
            80.12,
            12.92
          ],
          [
            80.10173,
            12.89431
          ],
          [
            80.08217,
            12.85543
          ],
          [
            80.0638,
            12.8319
          ],
          [
            80.044,
            12.795
          ],
          [
            80.02696,
            12.77995
          ],
          [
            80.01641,
            12.75033
          ],
          [
            79.99367,
            12.71722
          ],
          [
            79.98,
            12.69
          ],
          [
            79.92056,
            12.59395
          ],
          [
            79.84793,
            12.50109
          ],
          [
            79.78326,
            12.41245
          ],
          [
            79.722,
            12.309
          ],
          [
            79.66196,
            12.22125
          ],
          [
            79.60076,
            12.13033
          ],
          [
            79.54403,
            12.02992
          ],
          [
            79.48,
            11.94
          ]
        ]
      },
      "properties": {
        "osm_id": "192",
        "name": "Chennai Beach - Tambaram - Chengalpattu - Villupuram Line",
        "ref": "SR-VM-92",
        "operator": "Southern Railway",
        "railway": "rail",
        "gauge": "1676 mm",
        "electrified": "contact_line",
        "tracks": "4",
        "usage": "main",
        "service": "passenger",
        "maxspeed": "120 km/h",
        "is_major": true
      }
    },
    {
      "type": "Feature",
      "id": "osm-rail-193",
      "geometry": {
        "type": "LineString",
        "coordinates": [
          [
            79.48,
            11.94
          ],
          [
            79.52681,
            11.93875
          ],
          [
            79.57174,
            11.93891
          ],
          [
            79.60386,
            11.93625
          ],
          [
            79.651,
            11.939
          ],
          [
            79.69321,
            11.93005
          ],
          [
            79.73543,
            11.93674
          ],
          [
            79.78472,
            11.93278
          ],
          [
            79.83,
            11.93
          ]
        ]
      },
      "properties": {
        "osm_id": "193",
        "name": "Villupuram - Puducherry Branch Line",
        "ref": "SR-PDY-93",
        "operator": "Southern Railway",
        "railway": "rail",
        "gauge": "1676 mm",
        "electrified": "contact_line",
        "tracks": "1",
        "usage": "branch",
        "service": "passenger",
        "maxspeed": "120 km/h",
        "is_major": true
      }
    },
    {
      "type": "Feature",
      "id": "osm-rail-194",
      "geometry": {
        "type": "LineString",
        "coordinates": [
          [
            79.48,
            11.94
          ],
          [
            79.38431,
            11.79625
          ],
          [
            79.28674,
            11.65391
          ],
          [
            79.17636,
            11.50875
          ],
          [
            79.081,
            11.369
          ],
          [
            78.98071,
            11.21755
          ],
          [
            78.88043,
            11.08174
          ],
          [
            78.78722,
            10.93528
          ],
          [
            78.69,
            10.79
          ],
          [
            78.59819,
            10.73242
          ],
          [
            78.50543,
            10.6825
          ],
          [
            78.42375,
            10.63614
          ],
          [
            78.337,
            10.579
          ],
          [
            78.24071,
            10.51571
          ],
          [
            78.15891,
            10.46326
          ],
          [
            78.06569,
            10.41681
          ],
          [
            77.98,
            10.36
          ],
          [
            77.99625,
            10.30347
          ],
          [
            78.00684,
            10.25283
          ],
          [
            78.03429,
            10.20054
          ],
          [
            78.049,
            10.13
          ],
          [
            78.06125,
            10.09054
          ],
          [
            78.08316,
            10.03141
          ],
          [
            78.09681,
            9.97806
          ],
          [
            78.11,
            9.92
          ]
        ]
      },
      "properties": {
        "osm_id": "194",
        "name": "Villupuram - Vriddhachalam - Tiruchirappalli - Dindigul - Madurai Line",
        "ref": "SR-MDU-94",
        "operator": "Southern Railway",
        "railway": "rail",
        "gauge": "1676 mm",
        "electrified": "contact_line",
        "tracks": "2",
        "usage": "main",
        "service": "passenger",
        "maxspeed": "120 km/h",
        "is_major": true
      }
    },
    {
      "type": "Feature",
      "id": "osm-rail-195",
      "geometry": {
        "type": "LineString",
        "coordinates": [
          [
            78.11,
            9.92
          ],
          [
            78.08847,
            9.87597
          ],
          [
            78.06717,
            9.835
          ],
          [
            78.04076,
            9.7925
          ],
          [
            78.038,
            9.746
          ],
          [
            78.00446,
            9.7112
          ],
          [
            77.98576,
            9.66783
          ],
          [
            77.96847,
            9.62097
          ],
          [
            77.95,
            9.58
          ],
          [
            77.91819,
            9.47278
          ],
          [
            77.89816,
            9.36391
          ],
          [
            77.85636,
            9.25745
          ],
          [
            77.843,
            9.143
          ],
          [
            77.80071,
            9.03625
          ],
          [
            77.78174,
            8.92184
          ],
          [
            77.75105,
            8.81645
          ],
          [
            77.72,
            8.71
          ],
          [
            77.69702,
            8.64222
          ],
          [
            77.67816,
            8.57609
          ],
          [
            77.64875,
            8.50571
          ],
          [
            77.627,
            8.451
          ],
          [
            77.60495,
            8.38429
          ],
          [
            77.57467,
            8.31109
          ],
          [
            77.55375,
            8.24319
          ],
          [
            77.53,
            8.18
          ],
          [
            77.53153,
            8.17056
          ],
          [
            77.52293,
            8.15641
          ],
          [
            77.52261,
            8.13326
          ],
          [
            77.524,
            8.12
          ],
          [
            77.52815,
            8.11935
          ],
          [
            77.53,
            8.10641
          ],
          [
            77.52694,
            8.08944
          ],
          [
            77.53,
            8.08
          ]
        ]
      },
      "properties": {
        "osm_id": "195",
        "name": "Madurai - Virudhunagar - Tirunelveli - Nagercoil - Kanyakumari Line",
        "ref": "SR-CAPE-95",
        "operator": "Southern Railway",
        "railway": "rail",
        "gauge": "1676 mm",
        "electrified": "contact_line",
        "tracks": "2",
        "usage": "main",
        "service": "passenger",
        "maxspeed": "120 km/h",
        "is_major": true
      }
    },
    {
      "type": "Feature",
      "id": "osm-rail-196",
      "geometry": {
        "type": "LineString",
        "coordinates": [
          [
            78.11,
            9.92
          ],
          [
            78.19222,
            9.88847
          ],
          [
            78.27467,
            9.86
          ],
          [
            78.35201,
            9.83
          ],
          [
            78.453,
            9.796
          ],
          [
            78.52321,
            9.7737
          ],
          [
            78.60826,
            9.74283
          ],
          [
            78.69472,
            9.70847
          ],
          [
            78.78,
            9.68
          ],
          [
            78.84778,
            9.62923
          ],
          [
            78.90826,
            9.58424
          ],
          [
            78.98614,
            9.53554
          ],
          [
            79.049,
            9.47
          ],
          [
            79.1094,
            9.4337
          ],
          [
            79.1775,
            9.38283
          ],
          [
            79.24605,
            9.33077
          ],
          [
            79.31,
            9.28
          ]
        ]
      },
      "properties": {
        "osm_id": "196",
        "name": "Madurai - Manamadurai - Ramanathapuram - Rameswaram Bridge Line",
        "ref": "SR-RMM-96",
        "operator": "Southern Railway",
        "railway": "rail",
        "gauge": "1676 mm",
        "electrified": "contact_line",
        "tracks": "1",
        "usage": "branch",
        "service": "passenger",
        "maxspeed": "120 km/h",
        "is_major": true
      }
    },
    {
      "type": "Feature",
      "id": "osm-rail-197",
      "geometry": {
        "type": "LineString",
        "coordinates": [
          [
            76.96,
            11.01
          ],
          [
            76.92125,
            10.97742
          ],
          [
            76.88109,
            10.95533
          ],
          [
            76.8456,
            10.92745
          ],
          [
            76.813,
            10.901
          ],
          [
            76.77179,
            10.85701
          ],
          [
            76.73174,
            10.83891
          ],
          [
            76.69181,
            10.81181
          ],
          [
            76.65,
            10.78
          ],
          [
            76.6002,
            10.77827
          ],
          [
            76.54793,
            10.77641
          ],
          [
            76.5075,
            10.77065
          ],
          [
            76.454,
            10.76
          ],
          [
            76.41065,
            10.76011
          ],
          [
            76.36924,
            10.75934
          ],
          [
            76.3198,
            10.7648
          ],
          [
            76.27,
            10.76
          ],
          [
            76.25944,
            10.72617
          ],
          [
            76.25783,
            10.70566
          ],
          [
            76.25489,
            10.66076
          ],
          [
            76.236,
            10.636
          ],
          [
            76.22511,
            10.60446
          ],
          [
            76.22783,
            10.58283
          ],
          [
            76.21597,
            10.55077
          ],
          [
            76.21,
            10.52
          ],
          [
            76.22105,
            10.45556
          ],
          [
            76.22891,
            10.38924
          ],
          [
            76.22701,
            10.3138
          ],
          [
            76.241,
            10.242
          ],
          [
            76.25929,
            10.1862
          ],
          [
            76.25967,
            10.10793
          ],
          [
            76.27431,
            10.04444
          ],
          [
            76.28,
            9.98
          ]
        ]
      },
      "properties": {
        "osm_id": "197",
        "name": "Coimbatore - Palakkad - Shoranur - Thrissur - Ernakulam Trunk",
        "ref": "SR-ERS-97",
        "operator": "Southern Railway",
        "railway": "rail",
        "gauge": "1676 mm",
        "electrified": "contact_line",
        "tracks": "2",
        "usage": "main",
        "service": "passenger",
        "maxspeed": "120 km/h",
        "is_major": true
      }
    },
    {
      "type": "Feature",
      "id": "osm-rail-198",
      "geometry": {
        "type": "LineString",
        "coordinates": [
          [
            76.27,
            10.76
          ],
          [
            76.20569,
            10.81742
          ],
          [
            76.15033,
            10.88816
          ],
          [
            76.09364,
            10.93451
          ],
          [
            76.021,
            11.001
          ],
          [
            75.95636,
            11.06071
          ],
          [
            75.90533,
            11.13033
          ],
          [
            75.83972,
            11.18952
          ],
          [
            75.78,
            11.25
          ],
          [
            75.73181,
            11.3275
          ],
          [
            75.68033,
            11.39934
          ],
          [
            75.63364,
            11.48804
          ],
          [
            75.565,
            11.568
          ],
          [
            75.52745,
            11.62826
          ],
          [
            75.46967,
            11.71924
          ],
          [
            75.41895,
            11.7925
          ],
          [
            75.37,
            11.87
          ],
          [
            75.32048,
            11.94645
          ],
          [
            75.27109,
            12.02184
          ],
          [
            75.22745,
            12.1081
          ],
          [
            75.183,
            12.193
          ],
          [
            75.1244,
            12.2619
          ],
          [
            75.08174,
            12.34391
          ],
          [
            75.02645,
            12.41819
          ],
          [
            74.98,
            12.5
          ],
          [
            74.96605,
            12.54778
          ],
          [
            74.95316,
            12.5925
          ],
          [
            74.92386,
            12.6369
          ],
          [
            74.915,
            12.687
          ],
          [
            74.89875,
            12.72201
          ],
          [
            74.88109,
            12.77609
          ],
          [
            74.86242,
            12.81992
          ],
          [
            74.85,
            12.87
          ]
        ]
      },
      "properties": {
        "osm_id": "198",
        "name": "Shoranur - Kozhikode - Kannur - Kasaragod - Mangaluru Central Line",
        "ref": "SR-MAQ-98",
        "operator": "Southern Railway",
        "railway": "rail",
        "gauge": "1676 mm",
        "electrified": "contact_line",
        "tracks": "2",
        "usage": "main",
        "service": "passenger",
        "maxspeed": "120 km/h",
        "is_major": true
      }
    },
    {
      "type": "Feature",
      "id": "osm-rail-199",
      "geometry": {
        "type": "LineString",
        "coordinates": [
          [
            76.28,
            9.98
          ],
          [
            76.30847,
            9.93125
          ],
          [
            76.33576,
            9.88533
          ],
          [
            76.37554,
            9.83929
          ],
          [
            76.402,
            9.785
          ],
          [
            76.43554,
            9.72886
          ],
          [
            76.46566,
            9.69316
          ],
          [
            76.49,
            9.63569
          ],
          [
            76.52,
            9.59
          ],
          [
            76.5275,
            9.56681
          ],
          [
            76.52934,
            9.53609
          ],
          [
            76.5425,
            9.50386
          ],
          [
            76.552,
            9.485
          ],
          [
            76.56489,
            9.4569
          ],
          [
            76.565,
            9.4325
          ],
          [
            76.5725,
            9.40548
          ],
          [
            76.58,
            9.38
          ],
          [
            76.58077,
            9.31367
          ],
          [
            76.58566,
            9.25359
          ],
          [
            76.57446,
            9.1888
          ],
          [
            76.57,
            9.12
          ],
          [
            76.5763,
            9.06935
          ],
          [
            76.57859,
            9.00359
          ],
          [
            76.58077,
            8.94097
          ],
          [
            76.58,
            8.88
          ],
          [
            76.62702,
            8.83153
          ],
          [
            76.67816,
            8.78283
          ],
          [
            76.71321,
            8.72261
          ],
          [
            76.755,
            8.674
          ],
          [
            76.80755,
            8.63739
          ],
          [
            76.85609,
            8.58283
          ],
          [
            76.90452,
            8.53153
          ],
          [
            76.95,
            8.48
          ]
        ]
      },
      "properties": {
        "osm_id": "199",
        "name": "Ernakulam - Kottayam - Tiruvalla - Kollam - Thiruvananthapuram Main Line",
        "ref": "SR-TVC-99",
        "operator": "Southern Railway",
        "railway": "rail",
        "gauge": "1676 mm",
        "electrified": "contact_line",
        "tracks": "2",
        "usage": "main",
        "service": "passenger",
        "maxspeed": "120 km/h",
        "is_major": true
      }
    },
    {
      "type": "Feature",
      "id": "osm-rail-200",
      "geometry": {
        "type": "LineString",
        "coordinates": [
          [
            76.28,
            9.98
          ],
          [
            76.28472,
            9.91875
          ],
          [
            76.28826,
            9.86033
          ],
          [
            76.30429,
            9.80179
          ],
          [
            76.307,
            9.735
          ],
          [
            76.31679,
            9.66636
          ],
          [
            76.32316,
            9.61816
          ],
          [
            76.32375,
            9.54819
          ],
          [
            76.33,
            9.49
          ],
          [
            76.34819,
            9.44617
          ],
          [
            76.36967,
            9.40293
          ],
          [
            76.40114,
            9.37739
          ],
          [
            76.417,
            9.338
          ],
          [
            76.42701,
            9.2937
          ],
          [
            76.45609,
            9.25424
          ],
          [
            76.48181,
            9.21153
          ],
          [
            76.5,
            9.17
          ]
        ]
      },
      "properties": {
        "osm_id": "200",
        "name": "Ernakulam - Alappuzha - Kayamkulam Coastal Line",
        "ref": "SR-ALLP-100",
        "operator": "Southern Railway",
        "railway": "rail",
        "gauge": "1676 mm",
        "electrified": "contact_line",
        "tracks": "2",
        "usage": "main",
        "service": "passenger",
        "maxspeed": "120 km/h",
        "is_major": true
      }
    }
  ]
}